﻿<?xml version="1.0" encoding="UTF-8"?>
<prefab>
  <property name="CopyAirBlocks" value="True" />
  <property name="AllowTopSoilDecorations" value="True" />
  <property name="TraderArea" value="False" />
  <property name="ExcludeDistantPOIMesh" value="False" />
  <property name="ExcludePOICulling" value="False" />
  <property name="DifficultyTier" value="1" />
  <property name="Zoning" value="Commercial,Downtown,Residential" />
  <property name="RotationToFaceNorth" value="2" />
  <property name="YOffset" value="-1" />
  <property name="DistantPOIYOffset" value="0" />
  <property name="AllowedTownships" value="city,rural,town" />
  <property name="EditorGroups" value="commercial, downtown" />
  <property name="SleeperVolumeStart" value="1, 1, 9" />
  <property name="SleeperVolumeSize" value="25, 8, 20" />
  <property name="SleeperVolumeGroup" value="S_-Group_Generic_Zombie,5,6" />
  <property name="SleeperVolumeGameStageAdjust" value="" />
  <property name="SleeperIsLootVolume" value="False" />
  <property name="SleeperIsBossVolume" value="False" />
  <property name="SleeperVolumeFlags" value="0" />
  <property name="SleeperVolumeGroupId" value="0" />
  <property class="IndexedBlockOffsets">
    <property class="TraderOnOff">
      <property name="0" value="10, 4, 9" />
    </property>
  </property>
  <property class="Stats">
    <property name="TotalVertices" value="475831" />
    <property name="TotalTriangles" value="35621" />
    <property class="BlockEntities">
      <property name="Vertices" value="458445" />
      <property name="Triangles" value="23668" />
    </property>
    <property class="ChunkMeshes0">
      <property name="Vertices" value="12732" />
      <property name="Triangles" value="6628" />
    </property>
    <property class="ChunkMeshes1">
      <property name="Vertices" value="0" />
      <property name="Triangles" value="0" />
    </property>
    <property class="ChunkMeshes2">
      <property name="Vertices" value="336" />
      <property name="Triangles" value="184" />
    </property>
    <property class="ChunkMeshes3">
      <property name="Vertices" value="0" />
      <property name="Triangles" value="0" />
    </property>
    <property class="ChunkMeshes4">
      <property name="Vertices" value="2250" />
      <property name="Triangles" value="1627" />
    </property>
    <property class="ChunkMeshes5">
      <property name="Vertices" value="64" />
      <property name="Triangles" value="32" />
    </property>
    <property class="ChunkMeshes6">
      <property name="Vertices" value="0" />
      <property name="Triangles" value="0" />
    </property>
    <property class="ChunkMeshes7">
      <property name="Vertices" value="1968" />
      <property name="Triangles" value="3464" />
    </property>
    <property class="ChunkMeshes8">
      <property name="Vertices" value="0" />
      <property name="Triangles" value="0" />
    </property>
    <property class="ChunkMeshes9">
      <property name="Vertices" value="36" />
      <property name="Triangles" value="18" />
    </property>
  </property>
</prefab>