﻿<?xml version="1.0" encoding="UTF-8"?>
<prefab>
  <property name="CopyAirBlocks" value="True" />
  <property name="AllowTopSoilDecorations" value="True" />
  <property name="TraderArea" value="False" />
  <property name="ExcludeDistantPOIMesh" value="False" />
  <property name="ExcludePOICulling" value="False" />
  <property name="DifficultyTier" value="1" />
  <property name="Zoning" value="Commercial,Downtown,Residential" />
  <property name="RotationToFaceNorth" value="2" />
  <property name="YOffset" value="-1" />
  <property name="DistantPOIYOffset" value="0" />
  <property name="AllowedTownships" value="city,rural,town" />
  <property name="EditorGroups" value="commercial, downtown" />
  <property name="SleeperVolumeStart" value="1, 1, 9#1, 5, 9#15, 1, 21" />
  <property name="SleeperVolumeSize" value="20, 4, 20#20, 11, 20#6, 4, 8" />
  <property name="SleeperVolumeGroup" value="S_-Group_Generic_Zombie,5,6,S_-Group_Generic_Zombie,5,6,S_-Group_Generic_Zombie,5,6" />
  <property name="SleeperVolumeGameStageAdjust" value=",,easy" />
  <property name="SleeperIsLootVolume" value="False,False,True" />
  <property name="SleeperIsBossVolume" value="False,False,False" />
  <property name="SleeperVolumeFlags" value="0,0,0" />
  <property name="SleeperVolumeGroupId" value="0,0,0" />
  <property name="ShowQuestClearCount" value="1" />
  <property name="SleeperIsQuestExclude" value="False,False,False" />
  <property class="IndexedBlockOffsets">
    <property class="TraderOnOff">
      <property name="0" value="11, 4, 9" />
    </property>
    <property class="brBlock">
      <property name="0" value="14, 6, 18" />
      <property name="1" value="14, 6, 19" />
      <property name="2" value="14, 6, 20" />
      <property name="3" value="14, 6, 21" />
      <property name="4" value="14, 6, 22" />
    </property>
  </property>
  <property class="Stats">
    <property name="TotalVertices" value="264865" />
    <property name="TotalTriangles" value="258225" />
    <property class="BlockEntities">
      <property name="Vertices" value="224257" />
      <property name="Triangles" value="229976" />
    </property>
    <property class="ChunkMeshes0">
      <property name="Vertices" value="26076" />
      <property name="Triangles" value="14682" />
    </property>
    <property class="ChunkMeshes1">
      <property name="Vertices" value="0" />
      <property name="Triangles" value="0" />
    </property>
    <property class="ChunkMeshes2">
      <property name="Vertices" value="1400" />
      <property name="Triangles" value="796" />
    </property>
    <property class="ChunkMeshes3">
      <property name="Vertices" value="0" />
      <property name="Triangles" value="0" />
    </property>
    <property class="ChunkMeshes4">
      <property name="Vertices" value="11426" />
      <property name="Triangles" value="9893" />
    </property>
    <property class="ChunkMeshes5">
      <property name="Vertices" value="48" />
      <property name="Triangles" value="24" />
    </property>
    <property class="ChunkMeshes6">
      <property name="Vertices" value="0" />
      <property name="Triangles" value="0" />
    </property>
    <property class="ChunkMeshes7">
      <property name="Vertices" value="1638" />
      <property name="Triangles" value="2844" />
    </property>
    <property class="ChunkMeshes8">
      <property name="Vertices" value="0" />
      <property name="Triangles" value="0" />
    </property>
    <property class="ChunkMeshes9">
      <property name="Vertices" value="20" />
      <property name="Triangles" value="10" />
    </property>
  </property>
</prefab>