﻿<?xml version="1.0" encoding="UTF-8"?>
<prefab>
  <property name="CopyAirBlocks" value="True" />
  <property name="AllowTopSoilDecorations" value="True" />
  <property name="TraderArea" value="False" />
  <property name="ExcludeDistantPOIMesh" value="False" />
  <property name="ExcludePOICulling" value="False" />
  <property name="DifficultyTier" value="1" />
  <property name="Zoning" value="Commercial,Downtown,Residential" />
  <property name="RotationToFaceNorth" value="2" />
  <property name="YOffset" value="-1" />
  <property name="DistantPOIYOffset" value="0" />
  <property name="StaticSpawner.Size" value="32,2,32" />
  <property name="AllowedTownships" value="city,rural,town" />
  <property name="EditorGroups" value="commercial, downtown" />
  <property name="SleeperVolumeStart" value="1, 1, 8#5, 1, 19" />
  <property name="SleeperVolumeSize" value="11, 13, 21#7, 4, 10" />
  <property name="SleeperVolumeGroup" value="S_-Group_Generic_Zombie,2,3,S_-Group_Generic_Zombie,1,2" />
  <property name="SleeperVolumeGameStageAdjust" value=",easy" />
  <property name="SleeperIsLootVolume" value="False,True" />
  <property name="SleeperIsBossVolume" value="False,False" />
  <property name="SleeperVolumeFlags" value="0,0" />
  <property name="SleeperVolumeGroupId" value="0,0" />
  <property class="Stats">
    <property name="TotalVertices" value="115508" />
    <property name="TotalTriangles" value="42477" />
    <property class="BlockEntities">
      <property name="Vertices" value="90114" />
      <property name="Triangles" value="26101" />
    </property>
    <property class="ChunkMeshes0">
      <property name="Vertices" value="19188" />
      <property name="Triangles" value="10817" />
    </property>
    <property class="ChunkMeshes1">
      <property name="Vertices" value="0" />
      <property name="Triangles" value="0" />
    </property>
    <property class="ChunkMeshes2">
      <property name="Vertices" value="440" />
      <property name="Triangles" value="268" />
    </property>
    <property class="ChunkMeshes3">
      <property name="Vertices" value="20" />
      <property name="Triangles" value="10" />
    </property>
    <property class="ChunkMeshes4">
      <property name="Vertices" value="4642" />
      <property name="Triangles" value="3523" />
    </property>
    <property class="ChunkMeshes5">
      <property name="Vertices" value="48" />
      <property name="Triangles" value="24" />
    </property>
    <property class="ChunkMeshes6">
      <property name="Vertices" value="0" />
      <property name="Triangles" value="0" />
    </property>
    <property class="ChunkMeshes7">
      <property name="Vertices" value="1044" />
      <property name="Triangles" value="1728" />
    </property>
    <property class="ChunkMeshes8">
      <property name="Vertices" value="0" />
      <property name="Triangles" value="0" />
    </property>
    <property class="ChunkMeshes9">
      <property name="Vertices" value="12" />
      <property name="Triangles" value="6" />
    </property>
  </property>
  <property class="IndexedBlockOffsets">
    <property class="TraderOnOff">
      <property name="0" value="9, 3, 9" />
    </property>
  </property>
</prefab>