﻿<?xml version="1.0" encoding="UTF-8"?>
<prefab>
  <property name="CopyAirBlocks" value="True" />
  <property name="AllowTopSoilDecorations" value="True" />
  <property name="TraderArea" value="False" />
  <property name="ExcludeDistantPOIMesh" value="False" />
  <property name="ExcludePOICulling" value="False" />
  <property name="DifficultyTier" value="1" />
  <property name="Zoning" value="Commercial,Downtown,Residential" />
  <property name="RotationToFaceNorth" value="2" />
  <property name="YOffset" value="-1" />
  <property name="DistantPOIYOffset" value="0" />
  <property name="AllowedTownships" value="city,rural,town" />
  <property name="EditorGroups" value="commercial, downtown" />
  <property name="SleeperVolumeStart" value="1, 1, 8#1, 5, 8" />
  <property name="SleeperVolumeSize" value="14, 4, 22#14, 11, 22" />
  <property name="SleeperVolumeGroup" value="S_-Group_Generic_Zombie,5,6,S_-Group_Generic_Zombie,5,6" />
  <property name="SleeperVolumeGameStageAdjust" value="," />
  <property name="SleeperIsLootVolume" value="False,False" />
  <property name="SleeperIsBossVolume" value="False,False" />
  <property name="SleeperVolumeFlags" value="0,0" />
  <property name="SleeperVolumeGroupId" value="0,0" />
  <property name="ShowQuestClearCount" value="1" />
  <property name="SleeperIsQuestExclude" value="False,False" />
  <property class="Stats">
    <property name="TotalVertices" value="83233" />
    <property name="TotalTriangles" value="75471" />
    <property class="BlockEntities">
      <property name="Vertices" value="45908" />
      <property name="Triangles" value="49561" />
    </property>
    <property class="ChunkMeshes0">
      <property name="Vertices" value="23439" />
      <property name="Triangles" value="13238" />
    </property>
    <property class="ChunkMeshes1">
      <property name="Vertices" value="0" />
      <property name="Triangles" value="0" />
    </property>
    <property class="ChunkMeshes2">
      <property name="Vertices" value="776" />
      <property name="Triangles" value="388" />
    </property>
    <property class="ChunkMeshes3">
      <property name="Vertices" value="0" />
      <property name="Triangles" value="0" />
    </property>
    <property class="ChunkMeshes4">
      <property name="Vertices" value="11756" />
      <property name="Triangles" value="10128" />
    </property>
    <property class="ChunkMeshes5">
      <property name="Vertices" value="64" />
      <property name="Triangles" value="32" />
    </property>
    <property class="ChunkMeshes6">
      <property name="Vertices" value="0" />
      <property name="Triangles" value="0" />
    </property>
    <property class="ChunkMeshes7">
      <property name="Vertices" value="1242" />
      <property name="Triangles" value="2100" />
    </property>
    <property class="ChunkMeshes8">
      <property name="Vertices" value="0" />
      <property name="Triangles" value="0" />
    </property>
    <property class="ChunkMeshes9">
      <property name="Vertices" value="48" />
      <property name="Triangles" value="24" />
    </property>
  </property>
  <property class="IndexedBlockOffsets">
    <property class="TraderOnOff">
      <property name="0" value="12, 4, 9" />
    </property>
  </property>
</prefab>