﻿<?xml version="1.0" encoding="UTF-8"?>
<prefab>
  <property name="CopyAirBlocks" value="True" />
  <property name="AllowTopSoilDecorations" value="True" />
  <property name="TraderArea" value="False" />
  <property name="ExcludeDistantPOIMesh" value="False" />
  <property name="ExcludePOICulling" value="False" />
  <property name="DifficultyTier" value="1" />
  <property name="Zoning" value="Commercial,Downtown,Residential" />
  <property name="RotationToFaceNorth" value="2" />
  <property name="YOffset" value="-1" />
  <property name="DistantPOIYOffset" value="0" />
  <property name="AllowedTownships" value="city,rural,town" />
  <property name="EditorGroups" value="commercial, downtown" />
  <property name="SleeperVolumeStart" value="1, 1, 8#1, 5, 8#11, 1, 21" />
  <property name="SleeperVolumeSize" value="20, 4, 22#20, 11, 22#10, 4, 9" />
  <property name="SleeperVolumeGroup" value="S_-Group_Generic_Zombie,2,3,S_-Group_Generic_Zombie,3,4,S_-Group_Generic_Zombie,3,4" />
  <property name="SleeperVolumeGameStageAdjust" value=",,easy" />
  <property name="SleeperIsLootVolume" value="False,False,True" />
  <property name="SleeperIsBossVolume" value="False,False,False" />
  <property name="SleeperVolumeFlags" value="0,0,0" />
  <property name="SleeperVolumeGroupId" value="0,0,0" />
  <property name="ShowQuestClearCount" value="1" />
  <property name="SleeperIsQuestExclude" value="False,False,False" />
  <property class="IndexedBlockOffsets">
    <property class="TraderOnOff">
      <property name="0" value="11, 4, 9" />
    </property>
  </property>
  <property class="Stats">
    <property name="TotalVertices" value="587789" />
    <property name="TotalTriangles" value="494864" />
    <property class="BlockEntities">
      <property name="Vertices" value="551676" />
      <property name="Triangles" value="471176" />
    </property>
    <property class="ChunkMeshes0">
      <property name="Vertices" value="27841" />
      <property name="Triangles" value="15892" />
    </property>
    <property class="ChunkMeshes1">
      <property name="Vertices" value="0" />
      <property name="Triangles" value="0" />
    </property>
    <property class="ChunkMeshes2">
      <property name="Vertices" value="1336" />
      <property name="Triangles" value="668" />
    </property>
    <property class="ChunkMeshes3">
      <property name="Vertices" value="20" />
      <property name="Triangles" value="10" />
    </property>
    <property class="ChunkMeshes4">
      <property name="Vertices" value="5182" />
      <property name="Triangles" value="4226" />
    </property>
    <property class="ChunkMeshes5">
      <property name="Vertices" value="80" />
      <property name="Triangles" value="40" />
    </property>
    <property class="ChunkMeshes6">
      <property name="Vertices" value="0" />
      <property name="Triangles" value="0" />
    </property>
    <property class="ChunkMeshes7">
      <property name="Vertices" value="1638" />
      <property name="Triangles" value="2844" />
    </property>
    <property class="ChunkMeshes8">
      <property name="Vertices" value="0" />
      <property name="Triangles" value="0" />
    </property>
    <property class="ChunkMeshes9">
      <property name="Vertices" value="16" />
      <property name="Triangles" value="8" />
    </property>
  </property>
</prefab>