﻿<?xml version="1.0" encoding="UTF-8"?>
<prefab>
  <property name="CopyAirBlocks" value="True" />
  <property name="AllowTopSoilDecorations" value="True" />
  <property name="TraderArea" value="False" />
  <property name="ExcludeDistantPOIMesh" value="False" />
  <property name="ExcludePOICulling" value="False" />
  <property name="QuestTags" value="clear,fetch,hidden_cache" />
  <property name="DifficultyTier" value="4" />
  <property name="Zoning" value="Commercial, Downtown, Residential" />
  <property name="RotationToFaceNorth" value="2" />
  <property name="YOffset" value="-5" />
  <property name="DistantPOIYOffset" value="0" />
  <property name="AllowedTownships" value="city,rural,town,wilderness" />
  <property name="EditorGroups" value="commercial, downtown" />
  <property name="SleeperVolumeStart" value="43, -1, 35#11, 5, 32#63, 5, 32#23, 5, 46#12, 5, 9#1, 12, 0#40, -1, 11#9, -1, 36#9, -1, 11#47, -1, 11" />
  <property name="SleeperVolumeSize" value="32, 6, 24#13, 6, 28#13, 6, 28#41, 6, 13#57, 6, 35#82, 3, 73#7, 5, 23#34, 5, 23#31, 5, 23#28, 5, 23" />
  <property name="SleeperVolumeGroup" value="S_-Group_Generic_Zombie,12,16,S_-_Group_Biker_Bar,2,6,S_-_Group_Biker_Bar,2,6,S_-Group_Generic_Zombie,6,9,S_-_Group_Biker_Bar,10,16,S_-_Group_Biker_Bar,12,16,S_-_Group_Zom_Badass,9,16,S_-Group_Generic_Zombie,7,12,S_-Group_Generic_Zombie,6,12,S_-Group_Generic_Zombie,4,12" />
  <property name="SleeperVolumeGameStageAdjust" value=",,,,,,,,," />
  <property name="SleeperIsLootVolume" value="False,False,False,False,False,False,False,False,False,False" />
  <property name="SleeperIsBossVolume" value="False,False,False,False,False,False,False,False,False,False" />
  <property name="SleeperVolumeFlags" value="0,0,0,0,0,0,0,0,0,0" />
  <property name="SleeperVolumeGroupId" value="0,0,0,0,0,0,0,0,0,0" />
  <property name="ShowQuestClearCount" value="1" />
  <property name="SleeperIsQuestExclude" value="False,False,False,False,False,False,False,False,False,False" />
  <property class="IndexedBlockOffsets">
    <property class="TraderOnOff">
      <property name="0" value="65, 1, 45" />
      <property name="1" value="67, 1, 43" />
    </property>
    <property class="Rally">
      <property name="0" value="73, 5, 2" />
    </property>
    <property class="FetchContainer">
      <property name="0" value="74, 0, 46" />
    </property>
  </property>
  <property class="Stats">
    <property name="TotalVertices" value="3037403" />
    <property name="TotalTriangles" value="2526538" />
    <property class="BlockEntities">
      <property name="Vertices" value="1823354" />
      <property name="Triangles" value="1768817" />
    </property>
    <property class="ChunkMeshes0">
      <property name="Vertices" value="1131730" />
      <property name="Triangles" value="686627" />
    </property>
    <property class="ChunkMeshes1">
      <property name="Vertices" value="0" />
      <property name="Triangles" value="0" />
    </property>
    <property class="ChunkMeshes2">
      <property name="Vertices" value="1096" />
      <property name="Triangles" value="740" />
    </property>
    <property class="ChunkMeshes3">
      <property name="Vertices" value="1846" />
      <property name="Triangles" value="1106" />
    </property>
    <property class="ChunkMeshes4">
      <property name="Vertices" value="67395" />
      <property name="Triangles" value="50908" />
    </property>
    <property class="ChunkMeshes5">
      <property name="Vertices" value="1008" />
      <property name="Triangles" value="504" />
    </property>
    <property class="ChunkMeshes6">
      <property name="Vertices" value="0" />
      <property name="Triangles" value="0" />
    </property>
    <property class="ChunkMeshes7">
      <property name="Vertices" value="10886" />
      <property name="Triangles" value="17792" />
    </property>
    <property class="ChunkMeshes8">
      <property name="Vertices" value="0" />
      <property name="Triangles" value="0" />
    </property>
    <property class="ChunkMeshes9">
      <property name="Vertices" value="88" />
      <property name="Triangles" value="44" />
    </property>
  </property>
</prefab>