﻿<?xml version="1.0" encoding="UTF-8"?>
<prefab>
  <property name="CopyAirBlocks" value="True" />
  <property name="AllowTopSoilDecorations" value="True" />
  <property name="TraderArea" value="False" />
  <property name="ExcludeDistantPOIMesh" value="False" />
  <property name="ExcludePOICulling" value="False" />
  <property name="DifficultyTier" value="1" />
  <property name="Zoning" value="ResidentialNew,Residential" />
  <property name="RotationToFaceNorth" value="0" />
  <property name="YOffset" value="-9" />
  <property name="DistantPOIYOffset" value="0" />
  <property name="Age" value="Old" />
  <property name="AllowedBiomes" value="pine_forest,forest" />
  <property name="AllowedTownships" value="rural,town" />
  <property name="EditorGroups" value="commercial" />
  <property name="SleeperVolumeStart" value="0, 0, 1" />
  <property name="SleeperVolumeSize" value="26, 20, 33" />
  <property name="SleeperVolumeGroup" value="S_-Group_Generic_Zombie,1,2" />
  <property name="SleeperVolumeGameStageAdjust" value="" />
  <property name="SleeperIsLootVolume" value="False" />
  <property name="SleeperIsBossVolume" value="False" />
  <property name="SleeperVolumeFlags" value="0" />
  <property name="SleeperVolumeGroupId" value="0" />
  <property class="Stats">
    <property name="TotalVertices" value="274500" />
    <property name="TotalTriangles" value="281606" />
    <property class="BlockEntities">
      <property name="Vertices" value="195566" />
      <property name="Triangles" value="223674" />
    </property>
    <property class="ChunkMeshes0">
      <property name="Vertices" value="42483" />
      <property name="Triangles" value="21914" />
    </property>
    <property class="ChunkMeshes1">
      <property name="Vertices" value="0" />
      <property name="Triangles" value="0" />
    </property>
    <property class="ChunkMeshes2">
      <property name="Vertices" value="264" />
      <property name="Triangles" value="180" />
    </property>
    <property class="ChunkMeshes3">
      <property name="Vertices" value="72" />
      <property name="Triangles" value="36" />
    </property>
    <property class="ChunkMeshes4">
      <property name="Vertices" value="28173" />
      <property name="Triangles" value="24718" />
    </property>
    <property class="ChunkMeshes5">
      <property name="Vertices" value="576" />
      <property name="Triangles" value="288" />
    </property>
    <property class="ChunkMeshes6">
      <property name="Vertices" value="0" />
      <property name="Triangles" value="0" />
    </property>
    <property class="ChunkMeshes7">
      <property name="Vertices" value="5782" />
      <property name="Triangles" value="9212" />
    </property>
    <property class="ChunkMeshes8">
      <property name="Vertices" value="1584" />
      <property name="Triangles" value="1584" />
    </property>
    <property class="ChunkMeshes9">
      <property name="Vertices" value="0" />
      <property name="Triangles" value="0" />
    </property>
  </property>
</prefab>