﻿<?xml version="1.0" encoding="UTF-8"?>
<prefab>
  <property name="CopyAirBlocks" value="True" />
  <property name="AllowTopSoilDecorations" value="True" />
  <property name="TraderArea" value="False" />
  <property name="ExcludeDistantPOIMesh" value="False" />
  <property name="ExcludePOICulling" value="False" />
  <property name="DifficultyTier" value="5" />
  <property name="Zoning" value="Commercial, Downtown, Residential" />
  <property name="RotationToFaceNorth" value="0" />
  <property name="YOffset" value="-1" />
  <property name="DistantPOIYOffset" value="0" />
  <property name="Age" value="Old" />
  <property name="AllowedBiomes" value="pine_forest,forest" />
  <property name="AllowedTownships" value="rural,town" />
  <property name="EditorGroups" value="commercial" />
  <property name="SleeperVolumeStart" value="3, 0, 8" />
  <property name="SleeperVolumeSize" value="27, 10, 27" />
  <property name="SleeperVolumeGroup" value="S_-_Group_Zom_Badass_Only,10,12" />
  <property name="SleeperVolumeGameStageAdjust" value="600" />
  <property name="SleeperIsLootVolume" value="False" />
  <property name="SleeperIsBossVolume" value="False" />
  <property name="SleeperVolumeFlags" value="0" />
  <property name="SleeperVolumeGroupId" value="0" />
  <property name="ShowQuestClearCount" value="1" />
  <property name="SleeperIsQuestExclude" value="False" />
  <property class="IndexedBlockOffsets">
    <property class="TraderOnOff">
      <property name="0" value="25, 5, 13" />
      <property name="1" value="28, 5, 13" />
    </property>
  </property>
  <property class="Stats">
    <property name="TotalVertices" value="1013187" />
    <property name="TotalTriangles" value="952133" />
    <property class="BlockEntities">
      <property name="Vertices" value="935665" />
      <property name="Triangles" value="900565" />
    </property>
    <property class="ChunkMeshes0">
      <property name="Vertices" value="62633" />
      <property name="Triangles" value="39038" />
    </property>
    <property class="ChunkMeshes1">
      <property name="Vertices" value="0" />
      <property name="Triangles" value="0" />
    </property>
    <property class="ChunkMeshes2">
      <property name="Vertices" value="240" />
      <property name="Triangles" value="120" />
    </property>
    <property class="ChunkMeshes3">
      <property name="Vertices" value="1280" />
      <property name="Triangles" value="640" />
    </property>
    <property class="ChunkMeshes4">
      <property name="Vertices" value="11211" />
      <property name="Triangles" value="8906" />
    </property>
    <property class="ChunkMeshes5">
      <property name="Vertices" value="0" />
      <property name="Triangles" value="0" />
    </property>
    <property class="ChunkMeshes6">
      <property name="Vertices" value="0" />
      <property name="Triangles" value="0" />
    </property>
    <property class="ChunkMeshes7">
      <property name="Vertices" value="1778" />
      <property name="Triangles" value="2504" />
    </property>
    <property class="ChunkMeshes8">
      <property name="Vertices" value="380" />
      <property name="Triangles" value="360" />
    </property>
    <property class="ChunkMeshes9">
      <property name="Vertices" value="0" />
      <property name="Triangles" value="0" />
    </property>
  </property>
</prefab>