<?xml version="1.0" encoding="UTF-8"?>
<configs>
	<!-- Removed landclaim block -->	
	<remove xpath="/blocks/block[@name='keystoneBlock']"></remove>
	<remove xpath="/blocks/block[@name='bladeTrap']"></remove>
	<!-- End of removal -->	
	
	<append xpath="/blocks">
		<!-- Started experimenting with steel spikes, no recipe, looking for reskin -->
		<block name="trapSpikesScrapSteelMaster">
			<property name="CreativeMode" value="None"/>
			<property name="Class" value="TrunkTip"/>
			<property name="BlockTag" value="Spike"/>
			<property name="Damage" value="33"/>
			<property name="Damage_received" value="33"/>
			<property name="Material" value="MtrapSpikesSteel"/>
			<property name="DisplayType" value="blockHardened"/>
			<property name="MaxDamage" value="194"/>
			<property name="Shape" value="ModelEntity"/>
			<property name="Model" value="Entities/traps/ironSpikesTrapPrefab"/>
			<property name="Texture" value="223"/>
			<property name="IsTerrainDecoration" value="false"/>
			<property name="ImposterExclude" value="true"/>
			<property name="Collide" value="movement,melee"/>
			<property name="LightOpacity" value="6"/>
			<property name="Path" value="solid"/>
			<property class="RepairItems">
				<property name="resourceForgedSteel" value="2"/>
			</property>
			<property name="CustomUpgradeSound" value="place_block_metal"/>
			<drop event="Destroy" name="resourceScrapIron" count="40,60"/>
			<drop event="Fall" count="0"/>
			<property name="Group" value="Tools/Traps"/>
			<property name="DescriptionKey" value="trapSpikesGroupDesc"/>
			<property name="EconomicValue" value="30"/>
			<property name="EconomicBundleSize" value="20"/>
			<property name="FilterTags" value="MC_building,SC_traps"/>
			<property name="SortOrder1" value="70g0"/>
		</block>

		<!-- Player made Stage 3 with blood -->
		<!-- NOT_A_SHAPE -->
		<block name="trapSpikesSteelDmg2">
			<property name="Extends" value="trapSpikesScrapSteelMaster"/>
			<property name="CreativeMode" value="Dev"/>
			<property name="Model" value="Entities/traps/ironSpikesTrap2BloodPrefab"/>
			<property class="UpgradeBlock">
				<property name="ToBlock" value="trapSpikesSteelDmg0"/>
				<property name="Item" value="resourceForgedSteel"/>
				<property name="ItemCount" value="1"/>
				<property name="UpgradeHitCount" value="4"/>
			</property>
		</block>

		<!-- Player made Stage 2 with blood -->
		<!-- NOT_A_SHAPE -->
		<block name="trapSpikesSteelDmg1">
			<property name="Extends" value="trapSpikesScrapSteelMaster"/>
			<property name="CreativeMode" value="Dev"/>
			<property name="Model" value="Entities/traps/ironSpikesTrap1BloodPrefab"/>
			<property class="UpgradeBlock">
				<property name="ToBlock" value="trapSpikesSteelDmg0"/>
				<property name="Item" value="resourceForgedSteel"/>
				<property name="ItemCount" value="1"/>
				<property name="UpgradeHitCount" value="4"/>
			</property>
			<property name="DowngradeBlock" value="trapSpikesSteelDmg2"/>
		</block>

		<!-- Player made Stage 1 with no blood -->
		<!-- NOT_A_SHAPE -->
		<block name="trapSpikesSteelDmg0">
			<property name="Extends" value="trapSpikesScrapSteelMaster"/>
			<property name="CustomIcon" value="trapSpikesScrapSteelMaster"/>
			<property name="DowngradeBlock" value="trapSpikesSteelDmg1"/>
		</block>
	
		<block name="auto762Turret">
			<property name="CreativeMode" value="Player"/>
			<property name="Class" value="Ranged"/>
			<property name="CustomIcon" value="autoTurret"/>
			<property name="CustomIconTint" value="e6e6e6"/>
			<property name="DisplayType" value="blockElectricalHardened"/>
			<property name="Material" value="Mmetal_medium"/>
			<property name="Shape" value="ModelEntity"/>
			<property name="Mesh" value="models"/>
			<property name="Path" value="solid"/>
			<property name="Model" value="Entities/Traps/AutoTurret/Auto_TurretPrefab"/>
			<property name="OnlySimpleRotations" value="true"/> <!-- the targeting math will NOT work if it's not upright -->
			<property name="AmmoItem" value="ammo762mmBulletBall"/>
			<property name="TurnSpeed" value="22.5"/>
			<property name="MaxDistance" value="40"/>
			<property name="EntityDamage" value="50"/> <!-- 188 dps, 213 dps burst -->
			<property name="RaySpread" value="2.6"/> <!-- Spread 2.6deg: 1m cone (55% hit) @ 22m -->
			<property name="BurstRoundCount" value="25"/>
			<property name="BurstFireRate" value="0.15"/>
			<property name="CooldownTime" value="2"/>
			<property name="OvershootTime" value="0.4"/>
			<property name="FallAsleepTime" value="10"/>
			<property name="WakeUpTime" value="0.3"/>
			<property name="YawRange" value="90"/>
			<property name="PitchRange" value="90"/>
			<property name="ParticlesMuzzleFire" value="nozzleflashuzi"/>
			<property name="ParticlesMuzzleSmoke" value="nozzlesmokeuzi"/>
			<property name="DamageBonus.head" value="5"/>
			<property name="TargetingSound" value="turret_retarget_lp"/>
			<property name="OverheatSound" value="turret_overheat_lp"/>
			<property name="WakeUpSound" value="turret_windup"/>
			<property name="FireSound" value="ak47_fire"/>
			<property name="RequiredPower" value="20"/>
			<property name="UnlockedBy" value="perkAdvancedEngineering,autoTurretSchematic"/>
			<property name="IgnoreKeystoneOverlay" value="true"/>
			<property class="RepairItems">
				<property name="resourceForgedSteel" value="12"/>
				<property name="resourceMechanicalParts" value="2"/>
				<property name="resourceElectricParts" value="2"/>
			</property>
			<drop event="Harvest" name="terrStone" count="0" tool_category="Disassemble"/>
			<drop event="Harvest" name="resourceMechanicalParts" count="1,4" tag="salvageHarvest"/>
			<drop event="Harvest" name="resourceElectricParts" count="1,4" tag="salvageHarvest"/>
			<drop event="Harvest" name="resourceScrapIron" count="10,40" tag="allHarvest"/>
			<drop event="Destroy" count="0"/>
			<property name="Stacknumber" value="10"/>
			<property name="EconomicValue" value="3000"/>
			<property name="EconomicBundleSize" value="1"/>
			<property name="ImposterExchange" value="imposterBlock" param1="109"/>
			<property name="Group" value="Tools/Traps,Science"/>
			<property name="PickupJournalEntry" value="cameraTip"/>
			<property name="FilterTags" value="MC_playerBlocks,SC_electrical,SC_traps"/>
			<property name="SortOrder1" value="70a0"/>
		</block>	
		<block name="bladeTrapIron">
			<property name="CreativeMode" value="Player"/>
			<property name="Class" value="BladeTrap"/>
			<property name="UnlockedBy" value="perkAdvancedEngineering"/>
			<property name="Material" value="MmetalBladeTrapIron"/>
			<property name="Damage" value="20"/>
			<property name="DamageReceived" value="4"/>
			<property name="BreakingPercentage" value="0.5"/>
			<property name="BrokenPercentage" value="0.25"/>
			<property name="ImpactSound" value="bladetrap_impact"/>
			<property name="StartSound" value="bladetrap_startup"/>
			<property name="StopSound" value="bladetrap_stop"/>
			<property name="RunningSound" value="bladetrap_fire_lp"/>
			<property name="RunningSoundBreaking" value="bladetrap_dm1_lp"/>
			<property name="RunningSoundBroken" value="bladetrap_dm2_lp"/>
			<property name="Shape" value="ModelEntity"/>
			<property name="Collide" value="movement,melee,bullet,arrow,rocket"/>
			<property name="Model" value="Entities/Electrical/trap_spinning_bladePrefab"/>
			<property name="HandleFace" value="Bottom"/>
			<property name="MultiBlockDim" value="3,1,3"/>
			<property name="DisplayType" value="blockElectricalHardenedMulti"/>
			<property name="ImposterExchange" value="imposterPlate" param1="111"/>
			<property name="IsTerrainDecoration" value="true"/>
			<property name="Collide" value="movement,melee,bullet,arrow,rocket"/>
			<property name="RequiredPower" value="15"/>
			<property name="Group" value="Tools/Traps,Science"/>
			<property name="ActivationDistance" value="6"/>
			<property name="CustomIcon" value="bladeTrap"/>
			<property name="CustomIconTint" value="9d9d9e"/>
			<property name="CanPickup" value="true"/>
			<property name="TakeDelay" value="10"/>
			<property class="RepairItems">
				<property name="resourceForgedIron" value="10"/>
			</property>
			<drop event="Harvest" name="terrStone" count="0" tool_category="Disassemble"/>
			<drop event="Harvest" name="resourceScrapIron" count="20,100" tag="allHarvest"/>
			<drop event="Destroy" count="0"/>
			<drop event="Fall" name="scrapMetalPile" count="1" prob="0.75" stick_chance="1"/>
			<property name="Stacknumber" value="10"/>
			<property name="TakeDelay" value="10"/>
			<property name="EconomicValue" value="222"/>
			<property name="FilterTags" value="MC_playerBlocks,SC_electrical,SC_traps"/>
			<property name="SortOrder1" value="70a0"/>
		</block>
		<block name="bladeTrapSteel">
			<property name="CreativeMode" value="Player"/>
			<property name="Class" value="BladeTrap"/>
			<property name="UnlockedBy" value="perkAdvancedEngineering"/>
			<property name="Material" value="MmetalBladeTrapSteel"/>
			<property name="Damage" value="30"/>
			<property name="DamageReceived" value="3"/>
			<property name="BreakingPercentage" value="0.5"/>
			<property name="BrokenPercentage" value="0.25"/>
			<property name="ImpactSound" value="bladetrap_impact"/>
			<property name="StartSound" value="bladetrap_startup"/>
			<property name="StopSound" value="bladetrap_stop"/>
			<property name="RunningSound" value="bladetrap_fire_lp"/>
			<property name="RunningSoundBreaking" value="bladetrap_dm1_lp"/>
			<property name="RunningSoundBroken" value="bladetrap_dm2_lp"/>
			<property name="Shape" value="ModelEntity"/>
			<property name="Collide" value="movement,melee,bullet,arrow,rocket"/>
			<property name="Model" value="Entities/Electrical/trap_spinning_bladePrefab"/>
			<property name="HandleFace" value="Bottom"/>
			<property name="MultiBlockDim" value="3,1,3"/>
			<property name="DisplayType" value="blockElectricalHardenedMulti"/>
			<property name="ImposterExchange" value="imposterPlate" param1="111"/>
			<property name="IsTerrainDecoration" value="true"/>
			<property name="Collide" value="movement,melee,bullet,arrow,rocket"/>
			<property name="RequiredPower" value="20"/>
			<property name="Group" value="Tools/Traps,Science"/>
			<property name="ActivationDistance" value="6"/>
			<property name="CustomIcon" value="bladeTrap"/>
			<property name="CustomIconTint" value="e6e6e6"/>
			<property name="CanPickup" value="true"/>
			<property name="TakeDelay" value="10"/>
			<property class="RepairItems">
				<property name="resourceForgedSteel" value="10"/>
			</property>
			<drop event="Harvest" name="terrStone" count="0" tool_category="Disassemble"/>
			<drop event="Harvest" name="resourceScrapIron" count="20,100" tag="allHarvest"/>
			<drop event="Destroy" count="0"/>
			<drop event="Fall" name="scrapMetalPile" count="1" prob="0.75" stick_chance="1"/>
			<property name="Stacknumber" value="10"/>
			<property name="TakeDelay" value="10"/>
			<property name="EconomicValue" value="444"/>
			<property name="FilterTags" value="MC_playerBlocks,SC_electrical,SC_traps"/>
			<property name="SortOrder1" value="70a0"/>
		</block>	
		<block name="bladeTrapTitanium">
			<property name="CreativeMode" value="Player"/>
			<property name="Class" value="BladeTrap"/>
			<property name="UnlockedBy" value="perkAdvancedEngineering"/>
			<property name="Material" value="MmetalBladeTrapTitanium"/>
			<property name="Damage" value="40"/>
			<property name="DamageReceived" value="2"/>
			<property name="BreakingPercentage" value="0.5"/>
			<property name="BrokenPercentage" value="0.25"/>
			<property name="ImpactSound" value="bladetrap_impact"/>
			<property name="StartSound" value="bladetrap_startup"/>
			<property name="StopSound" value="bladetrap_stop"/>
			<property name="RunningSound" value="bladetrap_fire_lp"/>
			<property name="RunningSoundBreaking" value="bladetrap_dm1_lp"/>
			<property name="RunningSoundBroken" value="bladetrap_dm2_lp"/>
			<property name="Shape" value="ModelEntity"/>
			<property name="Collide" value="movement,melee,bullet,arrow,rocket"/>
			<property name="Model" value="Entities/Electrical/trap_spinning_bladePrefab"/>
			<property name="HandleFace" value="Bottom"/>
			<property name="MultiBlockDim" value="3,1,3"/>
			<property name="DisplayType" value="blockElectricalHardenedMulti"/>
			<property name="ImposterExchange" value="imposterPlate" param1="111"/>
			<property name="IsTerrainDecoration" value="true"/>
			<property name="Collide" value="movement,melee,bullet,arrow,rocket"/>
			<property name="RequiredPower" value="25"/>
			<property name="Group" value="Tools/Traps,Science"/>
			<property name="ActivationDistance" value="6"/>
			<property name="CustomIcon" value="bladeTrap"/>
			<property name="CustomIconTint" value="b3f2f2"/>
			<property name="CanPickup" value="true"/>
			<property name="TakeDelay" value="10"/>
			<property class="RepairItems">
				<property name="resourceForgedTitanium" value="10"/>
			</property>
			<drop event="Harvest" name="terrStone" count="0" tool_category="Disassemble"/>
			<drop event="Harvest" name="resourceScrapIron" count="20,100" tag="allHarvest"/>
			<drop event="Destroy" count="0"/>
			<drop event="Fall" name="scrapMetalPile" count="1" prob="0.75" stick_chance="1"/>
			<property name="Stacknumber" value="10"/>
			<property name="TakeDelay" value="10"/>
			<property name="EconomicValue" value="888"/>
			<property name="FilterTags" value="MC_playerBlocks,SC_electrical,SC_traps"/>
			<property name="SortOrder1" value="70a0"/>
		</block>
		<block name="brokenGeneratorbank">
			<property name="CreativeMode" value="Player"/>
			<property name="CustomIcon" value="generatorbank"/>
			<property name="Material" value="Miron_scrap"/>
			<property name="MaxDamage" value="500"/>
			<property name="StabilitySupport" value="false"/>
			<property name="Shape" value="ModelEntity"/>
			<property name="Mesh" value="models"/>
			<property name="Path" value="solid"/>
			<property name="Model" value="Entities/Electrical/generatorPrefab"/>
			<property name="HandleFace" value="Bottom"/>
			<property name="Place" value="TowardsPlacer"/>
			<property name="OnlySimpleRotations" value="true"/>
			<property name="ImposterDontBlock" value="true"/>
			<property name="IsTerrainDecoration" value="true"/>
			<property class="RepairItems">
				<property name="resourceForgedIron" value="8"/>
				<property name="resourceMechanicalParts" value="8"/>
				<property name="resourceElectricParts" value="8"/>
				<property name="resourceElectricParts" value="3"/>
			</property>
			<drop event="Harvest" name="resourceScrapIron" count="192" tag="allHarvest"/>
			<drop event="Harvest" name="terrStone" count="0" tool_category="Disassemble"/>
			<drop event="Harvest" name="resourceForgedIron" count="3" tag="salvageHarvest"/>
			<drop event="Harvest" name="resourceMechanicalParts" count="3" tag="salvageHarvest"/>
			<drop event="Harvest" name="resourceElectricParts" count="3,4" tag="salvageHarvest"/>
			<drop event="Destroy" count="0"/>
			<drop event="Fall" name="scrapMetalPile" count="1" prob="0.75" stick_chance="1"/>
			<property name="Group" value="Decor/Miscellaneous"/>
			<property name="DescriptionKey" value="creativeMenuBlockGroupDesc"/>
			<property name="SellableToTrader" value="false"/>
			<property name="FilterTags" value="MC_building,SC_electrical"/>
		</block>
		<block name="brokenCarBattery">
			<property name="CreativeMode" value="Player"/>
			<property name="CustomIcon" value="carBattery"/>
			<property name="Material" value="Miron_scrap"/>
			<property name="MaxDamage" value="500"/>
			<property name="StabilitySupport" value="false"/>
			<property name="Shape" value="ModelEntity"/>
			<property name="Mesh" value="models"/>
			<property name="Path" value="solid"/>
			<property name="Model" value="Entities/Electrical/battery_bankPrefab"/>
			<property name="Place" value="TowardsPlacer"/>
			<property name="HandleFace" value="Bottom"/>
			<property name="OnlySimpleRotations" value="true"/>
			<property name="ImposterDontBlock" value="true"/>
			<property name="IsTerrainDecoration" value="true"/>
			<drop event="Harvest" name="resourceScrapIron" count="120" tag="allHarvest"/>
			<drop event="Harvest" name="resourceAcid" count="1,2" prob="0.6" tool_category="Disassemble"/>
			<drop event="Harvest" name="MresourceScrapLeadSmall" count="3" tag="salvageHarvest"/>
			<drop event="Harvest" name="resourceScrapPolymers" count="1,2" tag="salvageHarvest"/>
			<drop event="Destroy" count="0"/>
			<drop event="Fall" name="scrapMetalPile" count="1" prob="0.75" stick_chance="1"/>
			<property name="Group" value="Decor/Miscellaneous"/>
			<property name="DescriptionKey" value="creativeMenuBlockGroupDesc"/>
			<property name="SellableToTrader" value="false"/>
			<property name="FilterTags" value="MC_building,SC_electrical"/>
		</block>
		<block name="brokenBatterybank">
			<property name="CreativeMode" value="Player"/>
			<property name="CustomIcon" value="batterybank"/>
			<property name="Material" value="Miron_scrap"/>
			<property name="MaxDamage" value="500"/>
			<property name="StabilitySupport" value="false"/>
			<property name="Shape" value="ModelEntity"/>
			<property name="Mesh" value="models"/>
			<property name="Path" value="solid"/>
			<property name="Model" value="Entities/Electrical/battery_bankPrefab"/>
			<property name="Place" value="TowardsPlacer"/>
			<property name="HandleFace" value="Bottom"/>
			<property name="OnlySimpleRotations" value="true"/>
			<property name="ImposterDontBlock" value="true"/>
			<property name="IsTerrainDecoration" value="true"/>
			<drop event="Harvest" name="resourceScrapIron" count="310" tag="allHarvest"/>
			<drop event="Harvest" name="resourceAcid" count="2,6" prob="0.6" tool_category="Disassemble"/>
			<drop event="Harvest" name="MresourceScrapLeadSmall" count="9" tag="salvageHarvest"/>
			<drop event="Harvest" name="resourceElectricParts" count="3,5" tag="salvageHarvest"/>
			<drop event="Harvest" name="resourceScrapPolymers" count="2,5" tag="salvageHarvest"/>
			<drop event="Destroy" count="0"/>
			<drop event="Fall" name="scrapMetalPile" count="1" prob="0.75" stick_chance="1"/>
			<property name="Group" value="Decor/Miscellaneous"/>
			<property name="DescriptionKey" value="creativeMenuBlockGroupDesc"/>
			<property name="SellableToTrader" value="false"/>
			<property name="FilterTags" value="MC_building,SC_electrical"/>
		</block>
		<block name="brokenSolarbank">
			<property name="CreativeMode" value="Player"/>
			<property name="CustomIcon" value="solarbank"/>
			<property name="Material" value="Miron_scrap"/>
			<property name="MaxDamage" value="500"/>
			<property name="StabilitySupport" value="false"/>
			<property name="Shape" value="ModelEntity"/>
			<property name="Mesh" value="models"/>
			<property name="Path" value="solid"/>
			<property name="Model" value="Entities/Electrical/solar_panelPrefab"/>
			<property name="Place" value="TowardsPlacerInverted"/>
			<property name="ModelOffset" value=".5,.5,0"/>
			<property name="MultiBlockDim" value="4,1,1"/>
			<property name="DisplayType" value="blockMulti"/>
			<property name="OnlySimpleRotations" value="true"/>
			<property name="ImposterExchange" value="imposterRamp" param1="18"/>
			<property name="IsTerrainDecoration" value="true"/>
			<drop event="Harvest" name="resourceScrapIron" count="120" tag="allHarvest"/>
			<drop event="Harvest" name="terrStone" count="0" tool_category="Disassemble"/>
			<drop event="Harvest" name="resourceForgedIron" count="3" tag="salvageHarvest"/>
			<drop event="Harvest" name="resourceElectricParts" count="2,3" tag="salvageHarvest"/>
			<drop event="Harvest" name="resourceElectricParts" count="1,2" prob="0.5" tag="salvageHarvest"/>
			<drop event="Harvest" name="resourceScrapPolymers" count="1,2" tag="salvageHarvest"/>
			<drop event="Destroy" count="0"/>
			<drop event="Fall" name="scrapMetalPile" count="1" prob="0.75" stick_chance="1"/>
			<property name="Group" value="Decor/Miscellaneous"/>
			<property name="DescriptionKey" value="creativeMenuBlockGroupDesc"/>
			<property name="SellableToTrader" value="false"/>
			<property name="FilterTags" value="MC_building,SC_electrical"/>
		</block>
		<block name="brokenSmallEngine">
			<property name="CreativeMode" value="Player"/>
			<property name="CustomIcon" value="smallEngine"/>
			<property name="Material" value="Miron_scrap"/>
			<property name="MaxDamage" value="500"/>
			<property name="StabilitySupport" value="false"/>
			<property name="Shape" value="ModelEntity"/>
			<property name="Mesh" value="models"/>
			<property name="Path" value="solid"/>
			<property name="Model" value="#Entities/Vehicles?Car/motorPrefab.prefab"/>
			<property name="Place" value="TowardsPlacer"/>
			<property name="HandleFace" value="Bottom"/>
			<property name="OnlySimpleRotations" value="true"/>
			<property name="ImposterDontBlock" value="true"/>
			<property name="IsTerrainDecoration" value="true"/>
			<property name="Collide" value="melee,bullet,arrow,rocket,movement"/>
			<drop event="Harvest" name="terrStone" count="0" tool_category="Disassemble"/>
			<drop event="Harvest" name="resourceMechanicalParts" count="1,2" prob="0.5" tag="salvageHarvest"/>
			<drop event="Harvest" name="resourceMetalPipe" count="1,2" prob="0.5" tag="salvageHarvest"/>
			<drop event="Harvest" name="ammoGasCan" count="10,20" prob="0.5" tag="salvageHarvest"/>
			<drop event="Destroy" name="resourceScrapIron" count="17,35" tag="allHarvest"/>
			<property name="FilterTags" value="MC_building,SC_automotive"/>
		</block>
		<block name="cntLootingToolBox">
			<property name="Extends" value="cntToolBoxOpen"/>
			<property name="CreativeMode" value="Player"/>
			<property name="Shape" value="ModelEntity"/>
			<property name="Model" value="#Entities/LootContainers?metalToolBoxClosedPrefab.prefab"/>
			<property name="Place" value="TowardsPlacer"/>
			<property name="CustomIcon" value="cntToolBoxClosed"/>
			<property name="HandleFace" value="Bottom"/>
			<property name="OnlySimpleRotations" value="true"/>
			<property name="ImposterDontBlock" value="true"/>
			<property name="IsTerrainDecoration" value="true"/>
			<property name="DescriptionKey" value="cntLootingToolBoxDesc"/>
			<property name="LootList" value="toolBox"/>
			<property class="RepairItems">
				<property name="resourceMechanicalParts" value="2"/>
				<property name="resourceForgedIron" value="1"/>
			</property>
			<drop event="Harvest" name="resourceScrapIron" count="1" tool_category="Disassemble"/>
			<drop event="Harvest" name="resourceMechanicalParts" count="1,2" tag="salvageHarvest"/>
			<drop event="Destroy" name="resourceScrapIron" count="1,12"/>
			<property name="FilterTags" value="MC_building,SC_loot"/>
		</block>
		<block name="brokenLaptop">
			<property name="Extends" value="decoLaptop"/>
			<property name="CreativeMode" value="Player"/>
			<property name="Shape" value="ModelEntity"/>
			<property name="Model" value="#Entities/LootContainers?metalToolBoxClosedPrefab.prefab"/>
			<property name="Place" value="TowardsPlacer"/>
			<property name="CustomIcon" value="decoLaptop"/>
			<property name="HandleFace" value="Bottom"/>
			<property name="OnlySimpleRotations" value="true"/>
			<property name="ImposterDontBlock" value="true"/>
			<property name="IsTerrainDecoration" value="true"/>
			<property name="DescriptionKey" value="brokenLaptopDesc"/>
			<drop event="Harvest" name="resourceScrapIron" count="1" tool_category="Disassemble"/>
			<drop event="Harvest" name="resourceElectricParts" count="1,2" tag="salvageHarvest"/>
			<drop event="Destroy" name="resourceScrapIron" count="1,12"/>
			<property name="FilterTags" value="MC_building,SC_loot"/>
		</block>
		
	</append>
	<!--<set xpath="/blocks/dartTrap/property[@name='AmmoItem']/@value">ammoDartIron,ammoDartSteel,ammoDartTitanium</set>-->
	<append xpath="/blocks/block[@name='dartTrap']/property[@name='AmmoItem']/@value">,ammoDartSteel,ammoDartTitanium</append>
</configs>