<config>

	<append xpath="/archetypes">	
		<archetype name="grandOutdoors" male="true" eye_color="99,62,14" skin_color="200,200,200" type="Player" stance="Like" voice_set="trader">
			<base_mesh_parts>
				<part slot="head" layer="base" mesh="male_base_face">
					<texture name="male_head" color="skin"/>
				</part>
				<part slot="face" layer="base" mesh="male_shaggy_goatee">
					<texture name="male_shaggy_hair" color="hair"/>
				</part>
				<part slot="eyes" layer="base" mesh="male_base_eyes">
					<texture name="unisex_eye_shaded" color="255,255,255"/>
					<texture name="unisex_iris" color="eye"/>
				</part>
				<part slot="chest" layer="base" mesh="male_clothes_suit_jacket">
					<texture name="male_torso" color="skin"/>
					<texture name="unisex_clothes_suit_jacket" color="255,0,230,255"/>
					<texture name="unisex_clothes_suit_jacket_shirt" color="85,74,96,255"/>
				</part>
				<part slot="hands" layer="base" mesh="male_base_hands">
					<texture name="male_hands" color="skin"/>
				</part>
				<part slot="legs" layer="base" mesh="male_base_legs">
					<texture name="male_legs" color="skin"/>
				</part>
				<part slot="feet" layer="base" mesh="male_worn_boots">
					<texture name="male_worn_boots" color="255,0,230"/>
				</part>
			</base_mesh_parts>	
<!-- 			<expression blink="true" blink_duration="0.15" blink_min_delay="5" blink_max_delay="15" saccades="true">
				<gene name="neckUp_Down" value="0"/>
				<gene name="neckLeft_Right" value="0"/>
				<gene name="neckTiltLeft_Right" value="0"/>
				<gene name="headUp_Down" value="0"/>
				<gene name="headLeft_Right" value="0"/>
				<gene name="headTiltLeft_Right" value="0"/>
				<gene name="jawOpen_Close" value="0"/>
				<gene name="jawForward_Back" value="0"/>
				<gene name="jawLeft_Right" value="0"/>
				<gene name="mouthLeft_Right" value="0"/>
				<gene name="mouthUp_Down" value="0"/>
				<gene name="mouthNarrow_Pucker" value="0"/>
				<gene name="tongueOut" value="0"/>
				<gene name="tongueCurl" value="0"/>
				<gene name="tongueUp_Down" value="0"/>
				<gene name="tongueLeft_Right" value="0"/>
				<gene name="tongueWide_Narrow" value="0"/>
				<gene name="leftMouthSmile_Frown" value="0"/>
				<gene name="rightMouthSmile_Frown" value="0"/>
				<gene name="leftLowerLipUp_Down" value="0"/>
				<gene name="rightLowerLipUp_Down" value="0"/>
				<gene name="leftUpperLipUp_Down" value="0"/>
				<gene name="rightUpperLipUp_Down" value="0"/>
				<gene name="leftCheekPuff_Squint" value="0"/>
				<gene name="rightCheekPuff_Squint" value="0"/>
				<gene name="noseSneer" value="0"/>
				<gene name="leftEyeOpen_Close" value="0"/>
				<gene name="rightEyeOpen_Close" value="0"/>
				<gene name="leftEyeUp_Down" value="0"/>
				<gene name="rightEyeUp_Down" value="0"/>
				<gene name="leftEyeIn_Out" value="0"/>
				<gene name="rightEyeIn_Out" value="0"/>
				<gene name="browsIn" value="0"/>
				<gene name="leftBrowUp_Down" value="0"/>
				<gene name="rightBrowUp_Down" value="0"/>
				<gene name="midBrowUp_Down" value="0"/>
			</expression> -->
			<dna>
				<gene name="height" value="1.0"/>
				<gene name="weight" value="0.4"/>
				<gene name="muscle" value="0.2"/>
				<gene name="gluteusSize" value="0.5"/>			<!-- butt size -->
				<gene name="headSize" value="0.5"/>
				<gene name="headWidth" value="0.4"/>
				<gene name="chinSize" value="0.0"/>				<!-- 0 = pointy			1 = rounded -->
				<gene name="jawsSize" value="0.0"/>				<!-- 0 = thin			1 = wide -->
				<gene name="jawsPosition" value="1.0"/>			<!-- 0 = double chin	1 = high -->
				<gene name="mandibleSize" value="0.0"/>			<!-- 0 = small			1 = large -->
				<gene name="lipsSize" value="0.5"/>
				<gene name="mouthSize" value="0.5"/>
				<gene name="noseWidth" value="0.5"/>
				<gene name="noseInclination" value="0.0"/>		<!-- 0 = down			1 = up -->
				<gene name="handsSize" value="0.5"/>
				<gene name="feetSize" value="0.5"/>
				<gene name="earsSize" value="0.7"/>
				<gene name="foreheadPosition" value="0.7"/>		<!-- 0 = high eyebrows	1 = low eyebrows -->
				<gene name="eyeSize" value="1.0"/>				<!-- 0 = squinty		1 = wide open -->
			</dna>
		</archetype>
	</append>	


</config>