<?xml version="1.0" encoding="UTF-8"?>
<configs>
	<!-- Remove all POIs and world decorations -->
<!-- 	<remove xpath="/worldgeneration/biomes/biome/decorations/decoration[@type='block']"></remove>
	<remove xpath="/worldgeneration/biomes/biome/subbiome/decorations/decoration[@type='block']"></remove>
	<remove xpath="/worldgeneration/biomes/biome/decorations/decoration[@type='prefab']"></remove>
	<remove xpath="/worldgeneration/biomes/biome/subbiome/decorations/decoration[@type='prefab']"></remove> -->
	<remove xpath="/worldgeneration/pois"></remove>
	<remove xpath="/worldgeneration/biomes"></remove>
	<!-- End of removal -->	

	<!-- Sets 3 layers before bedrock--> 
<!-- 	<set xpath="/worldgeneration/biomes/biome/layers/layer/@depth">1</set>
	<set xpath="/worldgeneration/biomes/biome/subbiome/layers/layer/@depth">1</set>
	<set xpath="/worldgeneration/biomes/biome/layers/layer/@fillupto">1</set>
	<set xpath="/worldgeneration/biomes/biome/layers/layer/@filluptorg">1</set>
	<set xpath="/worldgeneration/biomes/biome/terrain/property[@name='BaseHeight']/@value">1</set> -->

	<!-- End of 3 layer set -->	

	<!-- All biome definitions here -->
	<append xpath="worldgeneration">
	<biomes>
		<!-- Mapping from biome name to id number as it is saved in the world chunks -->
		<biomemap id="01" name="snow"/>
		<biomemap id="03" name="pine_forest"/>
		<biomemap id="05" name="desert"/>
		<biomemap id="06" name="water"/>
		<biomemap id="07" name="radiated"/>
		<biomemap id="08" name="wasteland"/>
		<biomemap id="09" name="burnt_forest"/>
		<biomemap id="13" name="caveFloor"/>
		<biomemap id="14" name="caveCeiling"/>
		<biomemap id="18" name="onlyWater"/>
		<biomemap id="19" name="underwater"/>
		
		<!-- Snow Main Biome -->
	<biome name="snow" topsoil_block="terrSnow" biomemapcolor="#FFFFFF" lootstage_modifier = "1" lootstage_bonus="20">

		<spectrum name="snow"/>

		<weather name="default" prob="44">
			<Temperature min="26" max="32" prob="1"/>
			<CloudThickness min="10" max="30" prob="1"/>
			<Precipitation min="0" max="0" prob="1"/>
			<Fog min="0" max="2" prob="1"/>
			<Wind min="10" max="25" prob="1"/>
			<ParticleEffect prefab="ParticleEffects/p_snowstorm1" ChunkMargin="7"/> <!-- only one weather can have ParticleEffects -->
		</weather>
		<weather name="fog" prob="8">
			<Temperature min="20" max="30" prob="1"/>
			<CloudThickness min="35" max="60" prob="1"/>
			<Precipitation min="0" max="0" prob="1"/>
			<Fog min="7" max="18" prob="1"/>
			<Wind min="5" max="6" prob="1"/>
			<spectrum name="Snowy"/>
		</weather>
		<weather name="snow" prob="40">
			<Temperature min="18" max="28" prob="1"/>
			<CloudThickness min="55" max="75" prob="1"/>
			<Precipitation min="30" max="60" prob="1"/>
			<Fog min="1" max="5" prob="1"/>
			<Wind min="18" max="25" prob="1"/>
			<spectrum name="Snowy"/>
		</weather>
		<weather name="storm" prob="8">
			<Temperature min="12" max="18" prob="1"/>
			<CloudThickness min="90" max="100" prob="1"/>
			<Precipitation min="70" max="100" prob="1"/>
			<Fog min="5" max="15" prob="1"/>
			<Wind min="45" max="50" prob="1"/>
			<spectrum name="Snowy"/>
		</weather>

		<replacements> <!-- This affects only the grow event of blocks/plants. Grown blocks of one type are auto-replaced by the second. -->
			<replace source="treeTallGrassDiagonal" target="treeSnowyGrassDiagonal"/>
		</replacements>

		<subbiome prob="0.3"> <!-- Snow Sub Biome grass and Blueberries -->
			<layers>
				<layer depth="1" blockname="terrSnow"/> <layer depth="1" blockname="terrDirt"/>
				<layer depth="*" blockname="terrStone"></layer>
				<layer depth="3" blockname="terrBedrock"/>
			</layers>
			<decorations>
				<decoration type="block" blockname="rockResource" prob=".00003" rotatemax="3"/>
				<decoration type="block" blockname="rockResource02" prob=".00003" rotatemax="3"/>
				<decoration type="block" blockname="cntForestRandomLootHelper" prob="0.00025"/>
				<decoration type="block" blockname="rock05" prob=".005"/>
				<decoration type="block" blockname="rock06" prob=".005"/>
				<decoration type="block" blockname="rock07" prob=".005"/>
				<decoration type="block" blockname="cntBirdnest" prob="0.0001"/>
				<decoration type="block" blockname="treeWinterEverGreen" prob="0.0003" rotatemax="7"/>
				<decoration type="block" blockname="treeWinterPine13m" prob="0.0003" rotatemax="7"/>
				<decoration type="block" blockname="treeWinterPine19m" prob="0.0003" rotatemax="7"/>
<!-- 				<decoration type="block" blockname="treeWinterPine28m" prob="0.0003" rotatemax="7"/>
 -->				<decoration type="block" blockname="treeSnowyDeadBush" prob="0.005" rotatemax="7"/>
				<decoration type="block" blockname="treeSnowyGrassDiagonal" prob=".025"/>
				<decoration type="block" blockname="treeStump" prob=".0002" rotatemax="7"/>
			</decorations>
		</subbiome>
		<subbiome prob="0.3"> <!-- Snow Sub Biome rocks and snowberries -->
			<layers>
				<layer depth="1" blockname="terrSnow"/> <layer depth="1" blockname="terrDirt"/>
				<layer depth="*" blockname="terrStone"></layer>
				<layer depth="3" blockname="terrBedrock"/>
			</layers>
			<decorations>
				<decoration type="block" blockname="rockResource" prob=".00003" rotatemax="3"/>
				<decoration type="block" blockname="rockResource02" prob=".00003" rotatemax="3"/>
				<decoration type="block" blockname="cntForestRandomLootHelper" prob="0.00025"/>
				<decoration type="block" blockname="rock05" prob=".005"/>
				<decoration type="block" blockname="rock06" prob=".005"/>
				<decoration type="block" blockname="rock07" prob=".005"/>
				<decoration type="block" blockname="cntBirdnest" prob="0.0001"/>
				<decoration type="block" blockname="treeWinterEverGreen" prob="0.0003" rotatemax="7"/>
				<decoration type="block" blockname="treeWinterPine13m" prob="0.0003" rotatemax="7"/>
				<decoration type="block" blockname="treeWinterPine19m" prob="0.0003" rotatemax="7"/>
<!-- 				<decoration type="block" blockname="treeWinterPine28m" prob="0.0003" rotatemax="7"/>
 -->				<decoration type="block" blockname="treeSnowyDeadBush" prob="0.005" rotatemax="7"/>
				<decoration type="block" blockname="treeSnowyGrassDiagonal" prob=".025"/>
				<decoration type="block" blockname="treeStump" prob=".0002" rotatemax="7"/>
			</decorations>
		</subbiome>

		<subbiome prob="0.392"> <!-- Ore Sub Biome: coalOre -->
			<layers>
				<layer depth="1" blockname="terrSnow"/> <layer depth="1" blockname="terrDirt"/>
				<layer depth="*" blockname="terrStone"></layer>
				<layer depth="3" blockname="terrBedrock"/>
			</layers>
			<decorations>
				<decoration type="block" blockname="rockResource" prob=".00003" rotatemax="3"/>
				<decoration type="block" blockname="rockResource02" prob=".00003" rotatemax="3"/>
				<decoration type="block" blockname="cntForestRandomLootHelper" prob="0.00025"/>
				<decoration type="block" blockname="rock05" prob=".005"/>
				<decoration type="block" blockname="rock06" prob=".005"/>
				<decoration type="block" blockname="rock07" prob=".005"/>
				<decoration type="block" blockname="cntBirdnest" prob="0.0001"/>
				<decoration type="block" blockname="treeWinterEverGreen" prob="0.0003" rotatemax="7"/>
				<decoration type="block" blockname="treeWinterPine13m" prob="0.0003" rotatemax="7"/>
				<decoration type="block" blockname="treeWinterPine19m" prob="0.0003" rotatemax="7"/>
<!-- 				<decoration type="block" blockname="treeWinterPine28m" prob="0.0003" rotatemax="7"/>
 -->				<decoration type="block" blockname="treeSnowyDeadBush" prob="0.005" rotatemax="7"/>
				<decoration type="block" blockname="treeSnowyGrassDiagonal" prob=".025"/>
				<decoration type="block" blockname="treeStump" prob=".0002" rotatemax="7"/>
			</decorations>
		</subbiome>
		<subbiome prob="0.02512"> <!-- Ore Sub Biome: potassiumNitrate -->
			<layers>
				<layer depth="1" blockname="terrSnow"/> <layer depth="1" blockname="terrDirt"/>
				<layer depth="*" blockname="terrStone"></layer>
				<layer depth="3" blockname="terrBedrock"/>
			</layers>
			<decorations>
				<decoration type="block" blockname="rockResource" prob=".00003" rotatemax="3"/>
				<decoration type="block" blockname="rockResource02" prob=".00003" rotatemax="3"/>
				<decoration type="block" blockname="cntForestRandomLootHelper" prob="0.00025"/>
				<decoration type="block" blockname="rock05" prob=".005"/>
				<decoration type="block" blockname="rock06" prob=".005"/>
				<decoration type="block" blockname="rock07" prob=".005"/>
				<decoration type="block" blockname="cntBirdnest" prob="0.0001"/>
				<decoration type="block" blockname="treeWinterEverGreen" prob="0.0003" rotatemax="7"/>
				<decoration type="block" blockname="treeWinterPine13m" prob="0.0003" rotatemax="7"/>
				<decoration type="block" blockname="treeWinterPine19m" prob="0.0003" rotatemax="7"/>
<!-- 				<decoration type="block" blockname="treeWinterPine28m" prob="0.0003" rotatemax="7"/>
 -->				<decoration type="block" blockname="treeSnowyDeadBush" prob="0.005" rotatemax="7"/>
				<decoration type="block" blockname="treeSnowyGrassDiagonal" prob=".025"/>
				<decoration type="block" blockname="treeStump" prob=".0002" rotatemax="7"/>
			</decorations>
		</subbiome>
		<subbiome prob="0.02542"> <!-- Ore Sub Biome: leadOre -->
			<layers>
				<layer depth="1" blockname="terrSnow"/> <layer depth="1" blockname="terrDirt"/>
				<layer depth="*" blockname="terrStone"></layer>
				<layer depth="3" blockname="terrBedrock"/>
			</layers>
			<decorations>
				<decoration type="block" blockname="rockResource" prob=".00003" rotatemax="3"/>
				<decoration type="block" blockname="rockResource02" prob=".00003" rotatemax="3"/>
				<decoration type="block" blockname="cntForestRandomLootHelper" prob="0.00025"/>
				<decoration type="block" blockname="rock05" prob=".005"/>
				<decoration type="block" blockname="rock06" prob=".005"/>
				<decoration type="block" blockname="rock07" prob=".005"/>
				<decoration type="block" blockname="cntBirdnest" prob="0.0001"/>
				<decoration type="block" blockname="treeWinterEverGreen" prob="0.0003" rotatemax="7"/>
				<decoration type="block" blockname="treeWinterPine13m" prob="0.0003" rotatemax="7"/>
				<decoration type="block" blockname="treeWinterPine19m" prob="0.0003" rotatemax="7"/>
<!-- 				<decoration type="block" blockname="treeWinterPine28m" prob="0.0003" rotatemax="7"/>
 -->				<decoration type="block" blockname="treeSnowyDeadBush" prob="0.005" rotatemax="7"/>
				<decoration type="block" blockname="treeSnowyGrassDiagonal" prob=".025"/>
				<decoration type="block" blockname="treeStump" prob=".0002" rotatemax="7"/>
			</decorations>
		</subbiome>

		<!-- Block layers: Snow -->
		<layers>
			<layer depth="1" blockname="terrSnow"/> <layer depth="1" blockname="terrDirt"/>
			<layer depth="*" blockname="terrStone"></layer>
			<layer depth="3" blockname="terrBedrock"/>
		</layers>
		<!-- random prob_min,_max per chunk where 0 equals no decoration and 256 means on every block -->
		<!-- Decorations Main: Snow -->
			<decorations>
				<decoration type="block" blockname="rockResource" prob=".00003" rotatemax="3"/>
				<decoration type="block" blockname="rockResource02" prob=".00003" rotatemax="3"/>
				<decoration type="block" blockname="cntForestRandomLootHelper" prob="0.00025"/>
				<decoration type="block" blockname="rock05" prob=".005"/>
				<decoration type="block" blockname="rock06" prob=".005"/>
				<decoration type="block" blockname="rock07" prob=".005"/>
				<decoration type="block" blockname="cntBirdnest" prob="0.0001"/>
				<decoration type="block" blockname="treeWinterEverGreen" prob="0.0003" rotatemax="7"/>
				<decoration type="block" blockname="treeWinterPine13m" prob="0.0003" rotatemax="7"/>
				<decoration type="block" blockname="treeWinterPine19m" prob="0.0003" rotatemax="7"/>
<!-- 				<decoration type="block" blockname="treeWinterPine28m" prob="0.0003" rotatemax="7"/>
 -->				<decoration type="block" blockname="treeSnowyDeadBush" prob="0.005" rotatemax="7"/>
				<decoration type="block" blockname="treeSnowyGrassDiagonal" prob=".025"/>
				<decoration type="block" blockname="treeStump" prob=".0002" rotatemax="7"/>
			</decorations>
		<terrain class="Mountains"/>
	</biome>


	<!-- Pine Forest Main Biome -->
	<biome name="pine_forest" topsoil_block="terrForestGround" biomemapcolor="#004000" lootstage_modifier = "0" lootstage_bonus="0">

		<weather name="default" prob="83">
			<Temperature min="65" max="70" prob="1"/>
			<CloudThickness min="0" max="0" prob="35"/>
			<CloudThickness min="10" max="70" prob="65"/>
			<Precipitation min="0" max="0" prob="1"/>
			<Fog min="0" max="2" prob="1"/>
			<Wind min="3" max="22" prob="1"/>
		</weather>
		<weather name="fog" prob="7">
			<Temperature min="65" max="70" prob="1"/>
			<CloudThickness min="35" max="70" prob="1"/>
			<Precipitation min="0" max="0" prob="1"/>
			<Fog min="16" max="27" prob="1"/>
			<Wind min="2" max="5" prob="1"/>
		</weather>
		<weather name="rain" prob="7">
			<Temperature min="65" max="70" prob="1"/>
			<CloudThickness min="70" max="90" prob="1"/>
			<Precipitation min="30" max="80" prob="1"/>
			<Fog min="1" max="3" prob="1"/>
			<Wind min="10" max="25" prob="1"/>
			<spectrum name="Rainy"/>
		</weather>
		<weather name="storm" prob="3">
			<Temperature min="65" max="70" prob="1"/>
			<CloudThickness min="90" max="100" prob="1"/>
			<Precipitation min="90" max="100" prob="1"/>
			<Fog min="2" max="8" prob="1"/>
			<Wind min="35" max="40" prob="1"/>
			<spectrum name="Stormy"/>
		</weather>

		<subbiome prob="0.27">
			<layers>
				<layer depth="1" blockname="terrForestGround"/>
				<layer depth="3" blockname="terrDirt"/>
				<layer depth="*" blockname="terrStone"></layer>
				<layer depth="3" blockname="terrBedrock"/>
			</layers>
			<decorations>
				<decoration type="block" blockname="rockResource" prob=".0002" rotatemax="3"/>
				<decoration type="block" blockname="rockResource02" prob=".0002" rotatemax="3"/>
				<decoration type="block" blockname="rock01" prob=".005"/>
				<decoration type="block" blockname="rock02" prob=".005"/>
				<decoration type="block" blockname="rock04" prob=".005"/>
				<decoration type="block" blockname="treeDeadPineLeaf" prob="0.002" rotatemax="7"/>
				<decoration type="block" blockname="treeTallGrassDiagonal" prob=".015"/>
				<decoration type="block" blockname="treeShortGrass" prob=".095"/>
			</decorations>
		</subbiome>

		<subbiome prob="0.31">
			<layers>
				<layer depth="1" blockname="terrForestGround"/>
				<layer depth="3" blockname="terrDirt"/>
				<layer depth="*" blockname="terrStone"></layer>
				<layer depth="3" blockname="terrBedrock"/>
			</layers>
			<decorations>
				<decoration type="block" blockname="rockResource" prob=".0002" rotatemax="3"/>
				<decoration type="block" blockname="rockResource02" prob=".0002" rotatemax="3"/>
				<decoration type="block" blockname="rock01" prob=".005"/>
				<decoration type="block" blockname="rock02" prob=".005"/>
				<decoration type="block" blockname="rock04" prob=".005"/>
				<decoration type="block" blockname="treeDeadPineLeaf" prob="0.002" rotatemax="7"/>
				<decoration type="block" blockname="treeTallGrassDiagonal" prob=".015"/>
				<decoration type="block" blockname="treeShortGrass" prob=".095"/>
			</decorations>
		</subbiome>

		<subbiome prob="0.392">
			<layers>
				<layer depth="1" blockname="terrForestGround"/>
				<layer depth="3" blockname="terrDirt"/>
				<layer depth="*" blockname="terrStone"></layer>
				<layer depth="3" blockname="terrBedrock"/>
			</layers>
			<decorations>
				<decoration type="block" blockname="rockResource" prob=".00003" rotatemax="3"/>
				<decoration type="block" blockname="rockResource02" prob=".00003" rotatemax="3"/>
				<decoration type="block" blockname="cntForestRandomLootHelper" prob="0.00025"/>
				<decoration type="block" blockname="rock01" prob=".0001"/>
				<decoration type="block" blockname="rock02" prob=".0001"/>
				<decoration type="block" blockname="rock04" prob=".0001"/>
				<decoration type="block" blockname="cntBirdnest" prob="0.0001"/>
				<decoration type="block" blockname="treeDeadPineLeaf" prob="0.001" rotatemax="7"/>
				<decoration type="block" blockname="treeJuniper4m" prob="0.0001" rotatemax="7"/>
				<decoration type="block" blockname="treeMountainPine12m" prob="0.0001" rotatemax="7"/>
				<decoration type="block" blockname="treeMountainPine19m" prob="0.00015" rotatemax="7"/>
				<decoration type="block" blockname="treeMountainPine27m" prob="0.0002" rotatemax="7"/>
<!-- 				<decoration type="block" blockname="treeMountainPine31m" prob="0.0002" rotatemax="7"/>
				<decoration type="block" blockname="treeMountainPineDry21m" prob="0.0002" rotatemax="7"/>
				<decoration type="block" blockname="treeMountainPine41m" prob="0.0004" rotatemax="7"/>
				<decoration type="block" blockname="treeOakLrg01" prob="0.0001" rotatemax="7"/> -->
				<decoration type="block" blockname="treeOakMed01" prob="0.0001" rotatemax="7"/>
				<decoration type="block" blockname="treeOakMed02" prob="0.0001" rotatemax="7"/>
				<decoration type="block" blockname="treeOakSml01" prob="0.0001" rotatemax="7"/>
				<decoration type="block" blockname="treeFirLrg01" prob="0.0005" rotatemax="7"/>
<!-- 				<decoration type="block" blockname="treeMountainPine48m" prob="0.0005" rotatemax="7"/> -->
				<decoration type="block" blockname="treeStump" prob=".0002" rotatemax="7"/>
				<decoration type="block" blockname="treeTallGrassDiagonal" prob=".015"/>
				<decoration type="block" blockname="treeShortGrass" prob=".095"/>
			</decorations>
		</subbiome>
		<subbiome prob="0.02512">
			<layers>
				<layer depth="1" blockname="terrForestGround"/>
				<layer depth="3" blockname="terrDirt"/>
				<layer depth="*" blockname="terrStone"></layer>
				<layer depth="3" blockname="terrBedrock"/>
			</layers>
			<decorations>
				<decoration type="block" blockname="rockResource" prob=".00003" rotatemax="3"/>
				<decoration type="block" blockname="rockResource02" prob=".00003" rotatemax="3"/>
				<decoration type="block" blockname="cntForestRandomLootHelper" prob="0.00025"/>
				<decoration type="block" blockname="rock01" prob=".0001"/>
				<decoration type="block" blockname="rock02" prob=".0001"/>
				<decoration type="block" blockname="rock04" prob=".0001"/>
				<decoration type="block" blockname="cntBirdnest" prob="0.0001"/>
				<decoration type="block" blockname="treeDeadPineLeaf" prob="0.001" rotatemax="7"/>
				<decoration type="block" blockname="treeJuniper4m" prob="0.0001" rotatemax="7"/>
				<decoration type="block" blockname="treeMountainPine12m" prob="0.0001" rotatemax="7"/>
				<decoration type="block" blockname="treeMountainPine19m" prob="0.00015" rotatemax="7"/>
				<decoration type="block" blockname="treeMountainPine27m" prob="0.0002" rotatemax="7"/>
<!-- 				<decoration type="block" blockname="treeMountainPine31m" prob="0.0002" rotatemax="7"/>
				<decoration type="block" blockname="treeMountainPineDry21m" prob="0.0002" rotatemax="7"/>
				<decoration type="block" blockname="treeMountainPine41m" prob="0.0004" rotatemax="7"/>
				<decoration type="block" blockname="treeOakLrg01" prob="0.0001" rotatemax="7"/> -->
				<decoration type="block" blockname="treeOakMed01" prob="0.0001" rotatemax="7"/>
				<decoration type="block" blockname="treeOakMed02" prob="0.0001" rotatemax="7"/>
				<decoration type="block" blockname="treeOakSml01" prob="0.0001" rotatemax="7"/>
				<decoration type="block" blockname="treeFirLrg01" prob="0.0005" rotatemax="7"/>
<!-- 				<decoration type="block" blockname="treeMountainPine48m" prob="0.0005" rotatemax="7"/> -->
				<decoration type="block" blockname="treeStump" prob=".0002" rotatemax="7"/>
				<decoration type="block" blockname="treeTallGrassDiagonal" prob=".015"/>
				<decoration type="block" blockname="treeShortGrass" prob=".095"/>
			</decorations>
		</subbiome>
		<subbiome prob="0.02542">
			<layers>
				<layer depth="1" blockname="terrForestGround"/>
				<layer depth="3" blockname="terrDirt"/>
				<layer depth="*" blockname="terrStone"></layer>
				<layer depth="3" blockname="terrBedrock"/>
			</layers>
			<decorations>
				<decoration type="block" blockname="rockResource" prob=".00003" rotatemax="3"/>
				<decoration type="block" blockname="rockResource02" prob=".00003" rotatemax="3"/>
				<decoration type="block" blockname="cntForestRandomLootHelper" prob="0.00025"/>
				<decoration type="block" blockname="rock01" prob=".0001"/>
				<decoration type="block" blockname="rock02" prob=".0001"/>
				<decoration type="block" blockname="rock04" prob=".0001"/>
				<decoration type="block" blockname="cntBirdnest" prob="0.0001"/>
				<decoration type="block" blockname="treeDeadPineLeaf" prob="0.001" rotatemax="7"/>
				<decoration type="block" blockname="treeJuniper4m" prob="0.0001" rotatemax="7"/>
				<decoration type="block" blockname="treeMountainPine12m" prob="0.0001" rotatemax="7"/>
				<decoration type="block" blockname="treeMountainPine19m" prob="0.00015" rotatemax="7"/>
				<decoration type="block" blockname="treeMountainPine27m" prob="0.0002" rotatemax="7"/>
<!-- 				<decoration type="block" blockname="treeMountainPine31m" prob="0.0002" rotatemax="7"/>
				<decoration type="block" blockname="treeMountainPineDry21m" prob="0.0002" rotatemax="7"/>
				<decoration type="block" blockname="treeMountainPine41m" prob="0.0004" rotatemax="7"/>
				<decoration type="block" blockname="treeOakLrg01" prob="0.0001" rotatemax="7"/> -->
				<decoration type="block" blockname="treeOakMed01" prob="0.0001" rotatemax="7"/>
				<decoration type="block" blockname="treeOakMed02" prob="0.0001" rotatemax="7"/>
				<decoration type="block" blockname="treeOakSml01" prob="0.0001" rotatemax="7"/>
				<decoration type="block" blockname="treeFirLrg01" prob="0.0005" rotatemax="7"/>
<!-- 				<decoration type="block" blockname="treeMountainPine48m" prob="0.0005" rotatemax="7"/> -->
				<decoration type="block" blockname="treeStump" prob=".0002" rotatemax="7"/>
				<decoration type="block" blockname="treeTallGrassDiagonal" prob=".015"/>
				<decoration type="block" blockname="treeShortGrass" prob=".095"/>
			</decorations>
		</subbiome>

		<!-- Block layers: Pine Forest -->
		<layers>
			<layer depth="1" blockname="terrForestGround"/>
				<layer depth="3" blockname="terrDirt"/>
				<layer depth="*" blockname="terrStone"></layer>
				<layer depth="3" blockname="terrBedrock"/>
		</layers>
		<!-- Decorations Main: Pine Forest -->
		<decorations>
			<decoration type="block" blockname="rockResource" prob=".00003" rotatemax="3"/>
				<decoration type="block" blockname="rockResource02" prob=".00003" rotatemax="3"/>
				<decoration type="block" blockname="cntForestRandomLootHelper" prob="0.00025"/>
				<decoration type="block" blockname="rock01" prob=".0001"/>
				<decoration type="block" blockname="rock02" prob=".0001"/>
				<decoration type="block" blockname="rock04" prob=".0001"/>
				<decoration type="block" blockname="cntBirdnest" prob="0.0005"/>
				<decoration type="block" blockname="treeDeadPineLeaf" prob="0.005" rotatemax="7"/>
				<decoration type="block" blockname="treeJuniper4m" prob="0.0001" rotatemax="7"/>
				<decoration type="block" blockname="treeMountainPine12m" prob="0.0001" rotatemax="7"/>
				<decoration type="block" blockname="treeMountainPine19m" prob="0.0001" rotatemax="7"/>
				<decoration type="block" blockname="treeMountainPine27m" prob="0.0001" rotatemax="7"/>
				<decoration type="block" blockname="treeMountainPineDry21m" prob="0.0002" rotatemax="7"/>
				<decoration type="block" blockname="treeOakMed01" prob="0.0001" rotatemax="7"/>
				<decoration type="block" blockname="treeOakMed02" prob="0.0001" rotatemax="7"/>
				<decoration type="block" blockname="treeOakSml01" prob="0.0001" rotatemax="7"/>
<!-- 				<decoration type="block" blockname="treeFirLrg01" prob="0.0003" rotatemax="7"/>
				<decoration type="block" blockname="treeMountainPine48m" prob="0.0005" rotatemax="7"/> -->
				<decoration type="block" blockname="treeStump" prob=".0004" rotatemax="7"/>
				<decoration type="block" blockname="treeTallGrassDiagonal" prob=".015"/>
				<decoration type="block" blockname="treeShortGrass" prob=".095"/>
		</decorations>
		<terrain class="Mountains"/>
	</biome>


	<!-- Desert Main Biome -->
	<biome name="desert" topsoil_block="terrDesertGround" biomemapcolor="#FFE477" lootstage_modifier = "0.5" lootstage_bonus="10">

		<spectrum name="desert"/>

		<weather name="default" prob="87">
			<Temperature min="95" max="105" prob="1"/>
			<CloudThickness min="0" max="0" prob="33"/>
			<CloudThickness min="10" max="50" prob="66"/>
			<Precipitation min="0" max="0" prob="1"/>
			<Wind min="8" max="25" prob="1"/>
			<ParticleEffect prefab="ParticleEffects/p_sandstorm" ChunkMargin="7"/>
		</weather>
		<weather name="rain" prob="8">
			<Temperature min="95" max="105" prob="1"/>
			<CloudThickness min="55" max="75" prob="1"/>
			<Precipitation min="25" max="55" prob="1"/>
			<Fog min="1" max="4" prob="1"/>
			<Wind min="15" max="35" prob="1"/>
			<spectrum name="Rainy"/>
		</weather>
		<weather name="storm" prob="5">
			<Temperature min="95" max="105" prob="1"/>
			<CloudThickness min="90" max="100" prob="1"/>
			<Precipitation min="55" max="80" prob="1"/>
			<Fog min="3" max="15" prob="1"/>
			<Wind min="50" max="55" prob="1"/>
			<spectrum name="Stormy"/>
		</weather>

		<subbiome prob="0.29">
			<layers>
				<layer depth="4" blockname="terrDesertGround"/>
				<layer depth="*" blockname="terrSandStone"></layer>
				<layer depth="1" blockname="terrSandStone"/> <layer depth="3" blockname="terrBedrock"/>
			</layers>
			<decorations>
				<decoration type="block" blockname="rockResource" prob=".00003" rotatemax="3"/>
				<decoration type="block" blockname="rockResource02" prob=".00003" rotatemax="3"/>
				<decoration type="block" blockname="treeDesertShrub" prob="0.003" rotatemax="7"/>
				<decoration type="block" blockname="treeCactus01" prob="0.0003" rotatemax="3"/>
				<decoration type="block" blockname="treeCactus02" prob="0.0003" rotatemax="3"/>
				<decoration type="block" blockname="treeCactus03" prob="0.0001" rotatemax="3"/>
				<decoration type="block" blockname="treeCactus04" prob="0.0001" rotatemax="3"/>
				<decoration type="block" blockname="treeCactus05" prob="0.0001" rotatemax="3"/>
				<decoration type="block" blockname="treeCactus06" prob="0.0001" rotatemax="3"/>
				<decoration type="block" blockname="cntDesertRandomLootHelper" prob="0.001"/>
				<decoration type="block" blockname="treeBrownGrassDiagonal" prob=".001"/>
			</decorations>
		</subbiome>

		<subbiome prob="0.24"> <!-- Desert Sub Biome, Thick Grass and Shrubs-->
			<layers>
				<layer depth="4" blockname="terrDesertGround"/>
				<layer depth="*" blockname="terrSandStone"></layer>
				<layer depth="1" blockname="terrSandStone"/> <layer depth="3" blockname="terrBedrock"/>
			</layers>
			<decorations>
				<decoration type="block" blockname="rockResource" prob=".00003" rotatemax="3"/>
				<decoration type="block" blockname="rockResource02" prob=".00003" rotatemax="3"/>
				<decoration type="block" blockname="treeDesertShrub" prob=".0025" rotatemax="7"/>
				<decoration type="block" blockname="plantedAloe3Harvest" prob="0.0004" rotatemax="3"/>
				<decoration type="block" blockname="treeBrownGrassDiagonal" prob=".015"/>
			</decorations>
		</subbiome>

		<subbiome prob="0.02502">
			<layers>
				<layer depth="4" blockname="terrDesertGround"/>
				<layer depth="*" blockname="terrSandStone"></layer>
				<layer depth="1" blockname="terrSandStone"/> <layer depth="3" blockname="terrBedrock"/>
			</layers>
			<decorations>
				<decoration type="block" blockname="rockResource" prob=".00003" rotatemax="3"/>
				<decoration type="block" blockname="rockResource02" prob=".00003" rotatemax="3"/>
				<decoration type="block" blockname="treeCactus01" prob="0.002" rotatemax="3"/>
				<decoration type="block" blockname="treeCactus02" prob="0.002" rotatemax="3"/>
				<decoration type="block" blockname="treeCactus03" prob="0.002" rotatemax="3"/>
				<decoration type="block" blockname="treeCactus04" prob="0.002" rotatemax="3"/>
				<decoration type="block" blockname="treeCactus05" prob="0.002" rotatemax="3"/>
				<decoration type="block" blockname="rock01" prob=".0001" rotatemax="3"/>
				<decoration type="block" blockname="rock02" prob=".0001" rotatemax="3"/>
				<decoration type="block" blockname="rock04" prob=".0001" rotatemax="3"/>
				<decoration type="block" blockname="cntDesertRandomLootHelper" prob="0.00025"/>
				<decoration type="block" blockname="plantedAloe3Harvest" prob="0.0004" rotatemax="3"/>
				<decoration type="block" blockname="treeDesertShrub" prob="0.0005" rotatemax="7"/>
				<decoration type="block" blockname="cntBirdnest" prob="0.0001"/>
				<decoration type="block" blockname="treeCactus06" prob="0.0009" rotatemax="3"/>
				<decoration type="block" blockname="treeBrownGrassDiagonal" prob=".00025"/>
			</decorations>
		</subbiome>
		<subbiome prob="0.02512"> <!-- Ore Sub Biome: potassiumNitrate -->
			<layers>
				<layer depth="4" blockname="terrDesertGround"/>
				<layer depth="*" blockname="terrSandStone"></layer>
				<layer depth="1" blockname="terrSandStone"/> <layer depth="3" blockname="terrBedrock"/>
			</layers>
			<decorations>
				<decoration type="block" blockname="rockResource" prob=".00003" rotatemax="3"/>
				<decoration type="block" blockname="rockResource02" prob=".00003" rotatemax="3"/>
				<decoration type="block" blockname="treeCactus01" prob="0.0004" rotatemax="3"/>
				<decoration type="block" blockname="treeCactus02" prob="0.0004" rotatemax="3"/>
				<decoration type="block" blockname="treeCactus03" prob="0.0004" rotatemax="3"/>
				<decoration type="block" blockname="treeCactus04" prob="0.0004" rotatemax="3"/>
				<decoration type="block" blockname="treeCactus05" prob="0.0004" rotatemax="3"/>
				<decoration type="block" blockname="rock01" prob=".0001" rotatemax="3"/>
				<decoration type="block" blockname="rock02" prob=".0001" rotatemax="3"/>
				<decoration type="block" blockname="rock04" prob=".0001" rotatemax="3"/>
				<decoration type="block" blockname="cntDesertRandomLootHelper" prob="0.00025"/>
				<decoration type="block" blockname="plantedAloe3Harvest" prob="0.0004" rotatemax="3"/>
				<decoration type="block" blockname="treeDesertShrub" prob="0.0005" rotatemax="7"/>
				<decoration type="block" blockname="cntBirdnest" prob="0.0001"/>
				<decoration type="block" blockname="treeCactus06" prob="0.0009" rotatemax="3"/>
				<decoration type="block" blockname="treeBrownGrassDiagonal" prob=".00025"/>
			</decorations>
		</subbiome>
		<subbiome prob="0.02542"> <!-- Ore Sub Biome: leadOre -->
			<layers>
				<layer depth="4" blockname="terrDesertGround"/>
				<layer depth="*" blockname="terrSandStone"></layer>
				<layer depth="1" blockname="terrSandStone"/> <layer depth="3" blockname="terrBedrock"/>
			</layers>
			<decorations>
				<decoration type="block" blockname="rockResource" prob=".00003" rotatemax="3"/>
				<decoration type="block" blockname="rockResource02" prob=".00003" rotatemax="3"/>
				<decoration type="block" blockname="treeCactus01" prob="0.0004" rotatemax="3"/>
				<decoration type="block" blockname="treeCactus02" prob="0.0004" rotatemax="3"/>
				<decoration type="block" blockname="treeCactus03" prob="0.0004" rotatemax="3"/>
				<decoration type="block" blockname="treeCactus04" prob="0.0004" rotatemax="3"/>
				<decoration type="block" blockname="treeCactus05" prob="0.0004" rotatemax="3"/>
				<decoration type="block" blockname="rock01" prob=".0001" rotatemax="3"/>
				<decoration type="block" blockname="rock02" prob=".0001" rotatemax="3"/>
				<decoration type="block" blockname="rock04" prob=".0001" rotatemax="3"/>
				<decoration type="block" blockname="cntDesertRandomLootHelper" prob="0.00025"/>
				<decoration type="block" blockname="plantedAloe3Harvest" prob="0.0004" rotatemax="3"/>
				<decoration type="block" blockname="treeDesertShrub" prob="0.0005" rotatemax="7"/>
				<decoration type="block" blockname="cntBirdnest" prob="0.0001"/>
				<decoration type="block" blockname="treeCactus06" prob="0.0009" rotatemax="3"/>
				<decoration type="block" blockname="treeBrownGrassDiagonal" prob=".00025"/>
			</decorations>
		</subbiome>

		<!-- Block layers: Desert -->
		<layers>
			<layer filluptorg="60" blockname="water"/>
			<layer depth="4" blockname="terrDesertGround"/>
				<layer depth="*" blockname="terrSandStone"></layer>
				<layer depth="1" blockname="terrSandStone"/> <layer depth="3" blockname="terrBedrock"/>
		</layers>

		<!-- Decorations Main: Desert -->
		<decorations>
				<decoration type="block" blockname="rockResource" prob=".00003" rotatemax="3"/>
				<decoration type="block" blockname="rockResource02" prob=".00003" rotatemax="3"/>
				<decoration type="block" blockname="treeCactus01" prob="0.0004" rotatemax="3"/>
				<decoration type="block" blockname="treeCactus02" prob="0.0004" rotatemax="3"/>
				<decoration type="block" blockname="treeCactus03" prob="0.0004" rotatemax="3"/>
				<decoration type="block" blockname="treeCactus04" prob="0.0004" rotatemax="3"/>
				<decoration type="block" blockname="treeCactus05" prob="0.0004" rotatemax="3"/>
				<decoration type="block" blockname="rock01" prob=".0001" rotatemax="3"/>
				<decoration type="block" blockname="rock02" prob=".0001" rotatemax="3"/>
				<decoration type="block" blockname="rock04" prob=".0001" rotatemax="3"/>
				<decoration type="block" blockname="cntDesertRandomLootHelper" prob="0.00025"/>
				<decoration type="block" blockname="plantedAloe3Harvest" prob="0.0004" rotatemax="3"/>
				<decoration type="block" blockname="treeDesertShrub" prob="0.0005" rotatemax="7"/>
				<decoration type="block" blockname="cntBirdnest" prob="0.0001"/>
				<decoration type="block" blockname="treeCactus06" prob="0.0009" rotatemax="3"/>
				<decoration type="block" blockname="treeBrownGrassDiagonal" prob=".00025"/>
			</decorations>
		<terrain class="Desert"/>
	</biome>


	<!-- Water Main Biome -->
	<biome name="water" topsoil_block="terrSand" biomemapcolor="#0063ff">
		<weather name="default" prob="1">
			<Temperature min="70" max="70" prob="1"/>
			<CloudThickness min="0" max="100" prob="1"/>
			<Precipitation min="0" max="0" prob=".5"/>
			<Precipitation min="30" max="100" prob=".5"/>
			<Fog min="0" max="0" prob=".9"/>
			<Fog min="50" max="100" prob=".1"/>
			<Wind min="5" max="20" prob=".8"/>
			<Wind min="30" max="60" prob=".2"/>
		</weather>
		<terrain class="Water">
			<property name="BaseHeight" value="12"/>
		</terrain>

		<subbiome prob="0.392">
			<layers>
				<layer depth="4" blockname="terrSand"/>
				<layer depth="1" blockname="terrStone"> </layer>
				<layer depth="*" blockname="terrStone"> </layer> <layer depth="3" blockname="terrBedrock"/>
			</layers>
			<decorations>
				<decoration type="block" blockname="rockResource" prob=".00003" rotatemax="3"/>
				<decoration type="block" blockname="rockResource02" prob=".00003" rotatemax="3"/>
				<decoration type="block" blockname="treeAzalea" prob=".0003" rotatemax="3"/>
				<decoration type="block" blockname="cntStreetRandomLootHelper" prob=".0007" rotatemax="3"/>
				<decoration type="block" blockname="rock01" prob=".0001" rotatemax="3"/>
				<decoration type="block" blockname="rock02" prob=".005" rotatemax="3"/>
				<decoration type="block" blockname="rock04" prob=".0001" rotatemax="3"/>
				<decoration type="block" blockname="driftwood" prob="0.0001" rotatemax="7"/>
				<decoration type="block" blockname="driftwood2" prob="0.0001" rotatemax="7"/>
				<decoration type="block" blockname="treeMountainPineDry21m" prob="0.005" rotatemax="7"/>
				<decoration type="block" blockname="treeDeadPineLeaf" prob="0.005" rotatemax="7"/>
				<decoration type="block" blockname="treeDeadTree02" prob="0.005" rotatemax="7"/>
				<decoration type="block" blockname="treeDeadPineLeaf" prob="0.001" rotatemax="7"/>
				<decoration type="block" blockname="treeBrownGrassDiagonal" prob=".015"/>
				<decoration type="block" blockname="treeTallGrassDiagonal" prob=".015"/>
			</decorations>
		</subbiome>
		<subbiome prob="0.02512"> 
			<layers>
				<layer depth="4" blockname="terrSand"/>
				<layer depth="1" blockname="terrStone"> </layer>
				<layer depth="*" blockname="terrStone"> </layer> <layer depth="3" blockname="terrBedrock"/>
			</layers>
			<decorations>
				<decoration type="block" blockname="rockResource" prob=".00003" rotatemax="3"/>
				<decoration type="block" blockname="rockResource02" prob=".00003" rotatemax="3"/>
				<decoration type="block" blockname="treeAzalea" prob=".0003" rotatemax="3"/>
				<decoration type="block" blockname="cntStreetRandomLootHelper" prob=".0007" rotatemax="3"/>
				<decoration type="block" blockname="rock01" prob=".0001" rotatemax="3"/>
				<decoration type="block" blockname="rock02" prob=".005" rotatemax="3"/>
				<decoration type="block" blockname="rock04" prob=".0001" rotatemax="3"/>
				<decoration type="block" blockname="driftwood" prob="0.0001" rotatemax="7"/>
				<decoration type="block" blockname="driftwood2" prob="0.0001" rotatemax="7"/>
				<decoration type="block" blockname="treeMountainPineDry21m" prob="0.005" rotatemax="7"/>
				<decoration type="block" blockname="treeDeadPineLeaf" prob="0.005" rotatemax="7"/>
				<decoration type="block" blockname="treeDeadTree02" prob="0.005" rotatemax="7"/>
				<decoration type="block" blockname="treeDeadPineLeaf" prob="0.001" rotatemax="7"/>
				<decoration type="block" blockname="treeBrownGrassDiagonal" prob=".015"/>
				<decoration type="block" blockname="treeTallGrassDiagonal" prob=".015"/>
			</decorations>
		</subbiome>
		<subbiome prob="0.02542">
			<layers>
				<layer depth="2" blockname="terrSand"/>
				<layer depth="*" blockname="terrStone">
				</layer>
				<layer depth="3" blockname="terrBedrock"/>
			</layers>
			<decorations>
				<decoration type="block" blockname="rockResource" prob=".00003" rotatemax="3"/>
				<decoration type="block" blockname="rockResource02" prob=".00003" rotatemax="3"/>
				<decoration type="block" blockname="treeAzalea" prob=".0003" rotatemax="3"/>
				<decoration type="block" blockname="cntStreetRandomLootHelper" prob=".0007" rotatemax="3"/>
				<decoration type="block" blockname="rock01" prob=".0001" rotatemax="3"/>
				<decoration type="block" blockname="rock02" prob=".005" rotatemax="3"/>
				<decoration type="block" blockname="rock04" prob=".0001" rotatemax="3"/>
				<decoration type="block" blockname="driftwood" prob="0.0001" rotatemax="7"/>
				<decoration type="block" blockname="driftwood2" prob="0.0001" rotatemax="7"/>
				<decoration type="block" blockname="treeMountainPineDry21m" prob="0.005" rotatemax="7"/>
				<decoration type="block" blockname="treeDeadPineLeaf" prob="0.005" rotatemax="7"/>
				<decoration type="block" blockname="treeDeadTree02" prob="0.005" rotatemax="7"/>
				<decoration type="block" blockname="treeDeadPineLeaf" prob="0.001" rotatemax="7"/>
				<decoration type="block" blockname="treeBrownGrassDiagonal" prob=".015"/>
				<decoration type="block" blockname="treeTallGrassDiagonal" prob=".015"/>
			</decorations>
		</subbiome>

		<!-- Block layers: Water -->
		<layers>
			<layer fillupto="58" filluptorg="58" blockname="water"/>
			<layer depth="4" blockname="terrSand"/>
				<layer depth="1" blockname="terrStone"> </layer>
				<layer depth="*" blockname="terrStone"> </layer> <layer depth="3" blockname="terrBedrock"/>
		</layers>
		<spectrum name="pine_forest"/>
		<!-- Decorations Main: Water -->
		<decorations>
				<decoration type="block" blockname="rockResource" prob=".00003" rotatemax="3"/>
				<decoration type="block" blockname="rockResource02" prob=".00003" rotatemax="3"/>
				<decoration type="block" blockname="treeAzalea" prob=".0003" rotatemax="3"/>
				<decoration type="block" blockname="cntStreetRandomLootHelper" prob=".0007" rotatemax="3"/>
				<decoration type="block" blockname="rock01" prob=".0001" rotatemax="3"/>
				<decoration type="block" blockname="rock02" prob=".005" rotatemax="3"/>
				<decoration type="block" blockname="rock04" prob=".0001" rotatemax="3"/>
				<decoration type="block" blockname="driftwood" prob="0.0001" rotatemax="7"/>
				<decoration type="block" blockname="driftwood2" prob="0.0001" rotatemax="7"/>
				<decoration type="block" blockname="treeMountainPineDry21m" prob="0.005" rotatemax="7"/>
				<decoration type="block" blockname="treeDeadPineLeaf" prob="0.005" rotatemax="7"/>
				<decoration type="block" blockname="treeDeadTree02" prob="0.005" rotatemax="7"/>
				<decoration type="block" blockname="treeDeadPineLeaf" prob="0.001" rotatemax="7"/>
				<decoration type="block" blockname="treeBrownGrassDiagonal" prob=".015"/>
				<decoration type="block" blockname="treeTallGrassDiagonal" prob=".035"/>
			</decorations>
	</biome>

	<!-- Water Main Biome -->
	<biome name="onlyWater" topsoil_block="terrSand" biomemapcolor="#0064ff">

		<spectrum name="pine_forest"/>

		<weather name="default" prob="1">
			<Temperature min="70" max="70" prob="1"/>
			<CloudThickness min="0" max="100" prob="1"/>
			<Precipitation min="0" max="0" prob=".5"/>
			<Precipitation min="30" max="100" prob=".5"/>
			<Fog min="0" max="0" prob=".9"/>
			<Fog min="50" max="100" prob=".1"/>
			<Wind min="5" max="20" prob=".8"/>
			<Wind min="30" max="60" prob=".2"/>
		</weather>

		<!-- Block layers: Water, Local ore: none -->
		<layers>
			<layer fillupto="9" blockname="water"/>
			<layer depth="4" blockname="terrSand"/>
			<layer depth="*" blockname="terrStone">
			</layer>
			<layer depth="3" blockname="terrBedrock"/>
		</layers>
		<!-- Decorations Main: Water -->
		<decorations></decorations>
	</biome>

	<!-- Underwater Main Biome -->
	<biome name="underwater" biomemapcolor="#0001234">
		<decorations>
			<decoration type="block" blockname="rockResource" prob=".0002" rotatemax="3"/>
		</decorations>
	</biome>

	<!-- Wasteland Main Biome -->
	<biome name="wasteland" topsoil_block="terrDestroyedStone" biomemapcolor="#ffa800" lootstage_modifier = "1.5" lootstage_bonus="30">

		<spectrum name="burnt_forest"/>

		<weather name="default" prob="80">
			<Temperature min="50" max="90" prob="1"/>
			<CloudThickness min="0" max="0" prob="30"/>
			<CloudThickness min="10" max="70" prob="70"/>
			<Precipitation min="0" max="0" prob="1"/>
			<Fog min="0" max="5" prob="1"/>
			<Wind min="7" max="20" prob="1"/>
		</weather>
		<weather name="rain" prob="15">
			<Temperature min="50" max="90" prob="1"/>
			<CloudThickness min="75" max="90" prob="1"/>
			<Precipitation min="30" max="80" prob="1"/>
			<Fog min="2" max="5" prob="1"/>
			<Wind min="10" max="25" prob="1"/>
			<spectrum name="Rainy"/>
		</weather>
		<weather name="storm" prob="5">
			<Temperature min="50" max="90" prob="1"/>
			<CloudThickness min="90" max="100" prob="1"/>
			<Precipitation min="90" max="100" prob="1"/>
			<Fog min="3" max="15" prob="1"/>
			<Wind min="35" max="50" prob="1"/>
			<spectrum name="Stormy"/>
		</weather>

		<subbiome prob="0.3"> <!-- Wasteland Sub Biome: Plainsground -->
			<layers>
				<layer depth="2" blockname="terrDestroyedStone"/> <layer depth="2" blockname="terrDirt"/>
				<layer depth="1" blockname="terrStone"> </layer>
				<layer depth="*" blockname="terrStone">	</layer>
				<layer depth="3" blockname="terrBedrock"/>
			</layers>
			<decorations>
				<decoration type="block" blockname="rockResource" prob=".00003" rotatemax="3"/>
				<decoration type="block" blockname="rockResource02" prob=".00003" rotatemax="3"/>
				<decoration type="block" blockname="rock01" prob=".0001"/>
				<decoration type="block" blockname="rock02" prob=".0001"/>
				<decoration type="block" blockname="rock04" prob=".0001"/>
				<decoration type="block" blockname="treeBrownGrassDiagonal" prob=".025"/>
			</decorations>
		</subbiome>

		<subbiome prob="0.392"> <!-- Ore Sub Biome: coalOre -->
			<layers>
				<layer depth="2" blockname="terrDestroyedStone"/> <layer depth="2" blockname="terrDirt"/>
				<layer depth="1" blockname="terrStone"> </layer>
				<layer depth="*" blockname="terrStone">	</layer>
				<layer depth="3" blockname="terrBedrock"/>
			</layers>
			<decorations>
				<decoration type="block" blockname="treePineBurntLrg" prob="0.003" rotatemax="7"/>
				<decoration type="block" blockname="treePineBurntMed" prob="0.003" rotatemax="7"/>
				<decoration type="block" blockname="treePineBurntFullMed" prob="0.003" rotatemax="7"/>
				<decoration type="block" blockname="rockResource" prob=".00003" rotatemax="3"/>
				<decoration type="block" blockname="rockResource02" prob=".00003" rotatemax="3"/>
				<decoration type="block" blockname="cntWastelandRandomLootHelper" prob="0.00025"/>
				<decoration type="block" blockname="treeDeadPineLeaf" prob="0.0010" rotatemax="7"/>
				<decoration type="block" blockname="scrapMetalPile" prob=".0015" rotatemax="3"/>
				<decoration type="block" blockname="rock01" prob=".004" rotatemax="3"/>
				<decoration type="block" blockname="rock02" prob=".004" rotatemax="3"/>
				<decoration type="block" blockname="rock04" prob=".004" rotatemax="3"/>
				<decoration type="block" blockname="treeBurntMaple01" prob="0.00012" rotatemax="7"/>
				<decoration type="block" blockname="treeBurntMaple02" prob="0.00012" rotatemax="7"/>
				<decoration type="block" blockname="treeBurntMaple03" prob="0.00012" rotatemax="3"/>
				<decoration type="block" blockname="treePineBurntLrg" prob="0.0006" rotatemax="7"/>
				<decoration type="block" blockname="treeDeadPineLeaf" prob="0.0001" rotatemax="7"/>
				<decoration type="block" blockname="treeDeadTree02" prob="0.0002" rotatemax="7"/>
				<decoration type="block" blockname="treeDeadPineLeaf" prob="0.0010" rotatemax="7"/>
				<decoration type="block" blockname="mineCandyTin" prob="0.000015"/>
				<decoration type="block" blockname="mineHubcap" prob="0.00001"/>
			</decorations>
				
		</subbiome>
		<subbiome prob="0.02512"> <!-- Ore Sub Biome: potassiumNitrate -->
			<layers>
				<layer depth="2" blockname="terrDestroyedStone"/> <layer depth="2" blockname="terrDirt"/>
				<layer depth="1" blockname="terrStone"> </layer>
				<layer depth="*" blockname="terrStone">	</layer>
				<layer depth="3" blockname="terrBedrock"/>
			</layers>
			<decorations>
				<decoration type="block" blockname="treePineBurntLrg" prob="0.003" rotatemax="7"/>
				<decoration type="block" blockname="treePineBurntMed" prob="0.003" rotatemax="7"/>
				<decoration type="block" blockname="treePineBurntFullMed" prob="0.003" rotatemax="7"/>
				<decoration type="block" blockname="rockResource" prob=".00003" rotatemax="3"/>
				<decoration type="block" blockname="rockResource02" prob=".00003" rotatemax="3"/>
				<decoration type="block" blockname="cntWastelandRandomLootHelper" prob="0.00025"/>
				<decoration type="block" blockname="treeDeadPineLeaf" prob="0.0010" rotatemax="7"/>
				<decoration type="block" blockname="scrapMetalPile" prob=".0015" rotatemax="3"/>
				<decoration type="block" blockname="rock01" prob=".004" rotatemax="3"/>
				<decoration type="block" blockname="rock02" prob=".004" rotatemax="3"/>
				<decoration type="block" blockname="rock04" prob=".004" rotatemax="3"/>
				<decoration type="block" blockname="treeBurntMaple01" prob="0.00012" rotatemax="7"/>
				<decoration type="block" blockname="treeBurntMaple02" prob="0.00012" rotatemax="7"/>
				<decoration type="block" blockname="treeBurntMaple03" prob="0.00012" rotatemax="3"/>
				<decoration type="block" blockname="treePineBurntLrg" prob="0.0006" rotatemax="7"/>
				<decoration type="block" blockname="treeDeadPineLeaf" prob="0.0001" rotatemax="7"/>
				<decoration type="block" blockname="treeDeadTree02" prob="0.0002" rotatemax="7"/>
				<decoration type="block" blockname="treeDeadPineLeaf" prob="0.0010" rotatemax="7"/>
				<decoration type="block" blockname="mineCandyTin" prob="0.000015"/>
				<decoration type="block" blockname="mineHubcap" prob="0.00001"/>
			</decorations>
		</subbiome>
		<subbiome prob="0.02542"> <!-- Ore Sub Biome: leadOre -->
			<layers>
				<layer depth="2" blockname="terrDestroyedStone"/> <layer depth="2" blockname="terrDirt"/>
				<layer depth="1" blockname="terrStone"> </layer>
				<layer depth="*" blockname="terrStone">	</layer>
				<layer depth="3" blockname="terrBedrock"/>
			</layers>
			<decorations>
				<decoration type="block" blockname="treePineBurntLrg" prob="0.003" rotatemax="7"/>
				<decoration type="block" blockname="treePineBurntMed" prob="0.003" rotatemax="7"/>
				<decoration type="block" blockname="treePineBurntFullMed" prob="0.003" rotatemax="7"/>
				<decoration type="block" blockname="rockResource" prob=".00003" rotatemax="3"/>
				<decoration type="block" blockname="rockResource02" prob=".00003" rotatemax="3"/>
				<decoration type="block" blockname="cntWastelandRandomLootHelper" prob="0.00025"/>
				<decoration type="block" blockname="treeDeadPineLeaf" prob="0.0010" rotatemax="7"/>
				<decoration type="block" blockname="scrapMetalPile" prob=".0015" rotatemax="3"/>
				<decoration type="block" blockname="rock01" prob=".004" rotatemax="3"/>
				<decoration type="block" blockname="rock02" prob=".004" rotatemax="3"/>
				<decoration type="block" blockname="rock04" prob=".004" rotatemax="3"/>
				<decoration type="block" blockname="treeBurntMaple01" prob="0.00012" rotatemax="7"/>
				<decoration type="block" blockname="treeBurntMaple02" prob="0.00012" rotatemax="7"/>
				<decoration type="block" blockname="treeBurntMaple03" prob="0.00012" rotatemax="3"/>
				<decoration type="block" blockname="treePineBurntLrg" prob="0.0006" rotatemax="7"/>
				<decoration type="block" blockname="treeDeadPineLeaf" prob="0.0001" rotatemax="7"/>
				<decoration type="block" blockname="treeDeadTree02" prob="0.0002" rotatemax="7"/>
				<decoration type="block" blockname="treeDeadPineLeaf" prob="0.0010" rotatemax="7"/>
				<decoration type="block" blockname="mineCandyTin" prob="0.000015"/>
				<decoration type="block" blockname="mineHubcap" prob="0.00001"/>
			</decorations>
		</subbiome>

		<!-- Block layers: Wasteland Main -->
		<layers>
			<layer filluptorg="60" blockname="water"/>
			<layer depth="2" blockname="terrDestroyedStone"/> <layer depth="2" blockname="terrDirt"/>
				<layer depth="1" blockname="terrStone"> </layer>
				<layer depth="*" blockname="terrStone">	</layer>
				<layer depth="3" blockname="terrBedrock"/>
		</layers>

		<!-- Decorations Main: Wasteland -->
		<decorations>
				<decoration type="block" blockname="treePineBurntLrg" prob="0.003" rotatemax="7"/>
				<decoration type="block" blockname="treePineBurntMed" prob="0.003" rotatemax="7"/>
				<decoration type="block" blockname="treePineBurntFullMed" prob="0.003" rotatemax="7"/>
				<decoration type="block" blockname="rockResource" prob=".00003" rotatemax="3"/>
				<decoration type="block" blockname="rockResource02" prob=".00003" rotatemax="3"/>
				<decoration type="block" blockname="cntWastelandRandomLootHelper" prob="0.00025"/>
				<decoration type="block" blockname="treeDeadPineLeaf" prob="0.0010" rotatemax="7"/>
				<decoration type="block" blockname="scrapMetalPile" prob=".0015" rotatemax="3"/>
				<decoration type="block" blockname="rock01" prob=".004" rotatemax="3"/>
				<decoration type="block" blockname="rock02" prob=".004" rotatemax="3"/>
				<decoration type="block" blockname="rock04" prob=".004" rotatemax="3"/>
				<decoration type="block" blockname="treeBurntMaple01" prob="0.00012" rotatemax="7"/>
				<decoration type="block" blockname="treeBurntMaple02" prob="0.00012" rotatemax="7"/>
				<decoration type="block" blockname="treeBurntMaple03" prob="0.00012" rotatemax="3"/>
				<decoration type="block" blockname="treePineBurntLrg" prob="0.0006" rotatemax="7"/>
				<decoration type="block" blockname="treeDeadPineLeaf" prob="0.0001" rotatemax="7"/>
				<decoration type="block" blockname="treeDeadTree02" prob="0.0002" rotatemax="7"/>
				<decoration type="block" blockname="treeDeadPineLeaf" prob="0.0010" rotatemax="7"/>
				<decoration type="block" blockname="mineCandyTin" prob="0.000015"/>
				<decoration type="block" blockname="mineHubcap" prob="0.00001"/>
			</decorations>
		<terrain class="Wasteland"/>
	</biome>
	</biomes>
	
	</append>
</configs>