<?xml version="1.0" encoding="UTF-8"?>
<configs>
	<!-- ************** need to find recipes like turrets that require parts **************-->

	<!-- Remove unwanted melee tools and weapons -->

	<remove xpath="/recipes/recipe[@name='meleeToolAxeT1IronFireaxe']"></remove>
	<remove xpath="/recipes/recipe[@name='meleeToolAxeT2SteelAxe']"></remove>
	<remove xpath="/recipes/recipe[@name='meleeToolPickT1IronPickaxe']"></remove>
	<remove xpath="/recipes/recipe[@name='meleeToolPickT2SteelPickaxe']"></remove>
	<remove xpath="/recipes/recipe[contains(@name, 'Shovel')]"></remove>
	<remove xpath="/recipes/recipe[@name='meleeToolPickT3Auger']"></remove>
	<remove xpath="/recipes/recipe[@name='meleeToolSalvageT2Ratchet']"></remove>
	<remove xpath="/recipes/recipe[@name='meleeToolSalvageT3ImpactDriver']"></remove>
	<remove xpath="/recipes/recipe[contains(@name, 'Candy')]"></remove>
	<remove xpath="/recipes/recipe[@name='meleeToolPaintTool']"></remove>
	<!--<remove xpath="/recipes/recipe[contains(@name, 'Baton')]"></remove>-->
	<remove xpath="/recipes/recipe[contains(@name, 'Spear')]"></remove>
	<remove xpath="/recipes/recipe[contains(@name, 'meleeWpnSledge')]"></remove>
	<!--<remove xpath="/recipes/recipe[@name='meleeWpnSledgeT3SteelSledgehammer']"></remove>
	<remove xpath="/recipes/recipe[@name='meleeWpnSledgeT3SteelSledgehammerParts']"></remove>-->
	<remove xpath="/recipes/recipe[@name='meleeToolAxeT3Chainsaw']"></remove>
	<remove xpath="/recipes/recipe[@name='meleeToolRepairT1ClawHammer']"></remove>
	
	<!-- Remove unwanted guns and ammo-->
	<remove xpath="/recipes/recipe[@name='gunHandgunT0PipePistol']"></remove>
	<remove xpath="/recipes/recipe[@name='gunHandgunT2Magnum44']"></remove>
	<remove xpath="/recipes/recipe[@name='gunHandgunT3DesertVulture']"></remove>
	<remove xpath="/recipes/recipe[@name='gunShotgunT0PipeShotgun']"></remove>
	<remove xpath="/recipes/recipe[@name='gunRifleT0PipeRifle']"></remove>
	<remove xpath="/recipes/recipe[@name='gunMGT0PipeMachineGun']"></remove>
	<remove xpath="/recipes/recipe[@name='gunBotT3JunkDrone']"></remove>
	<remove xpath="/recipes/recipe[@name='meleeToolRepairT3Nailgun']"></remove>
	<remove xpath="/recipes/recipe[contains(@name, '44Magnum')]"></remove>
	<remove xpath="/recipes/recipe[contains(@name, 'Flaming')]"></remove>
	<remove xpath="/recipes/recipe[contains(@name, 'ShotgunSlug')]"></remove>
	<remove xpath="/recipes/recipe[contains(@name, 'BreachingSlug')]"></remove>
	<remove xpath="/recipes/recipe[@name='resourceBulletCasing']"></remove>
	<remove xpath="/recipes/recipe[@name='resourceBulletTip']"></remove>
	
	<!-- Remove unwanted mods -->
	<remove xpath="/recipes/recipe[contains(@name, 'modGunScope')]"></remove>
	<remove xpath="/recipes/recipe[contains(@name, 'modVehicle')]"></remove>
	<remove xpath="/recipes/recipe[@name='modMeleeDiamondTip']"></remove>
	<remove xpath="/recipes/recipe[@name='modMeleeFiremansAxeMod']"></remove>
	<remove xpath="/recipes/recipe[@name='modMeleeGraveDigger']"></remove>
	<remove xpath="/recipes/recipe[@name='modMeleeIronBreaker']"></remove>
	<remove xpath="/recipes/recipe[contains(@name, 'modRoboticDrone')]"></remove>
	<remove xpath="/recipes/recipe[@name='modMeleeBunkerBuster']"></remove>
	
	
	<!-- Remove all vehicles -->
	<remove xpath="/recipes/recipe[contains(@name, 'vehicle')]"></remove>
	
	<!-- Remove unwanted first aid and candy -->
	<remove xpath="/recipes/recipe[contains(@name, 'drug')]"></remove>
	<remove xpath="/recipes/recipe[@name='medicalFirstAidKit']"></remove>
	<remove xpath="/recipes/recipe[@name='medicalPlasterCast']"></remove>
	
	<!-- Remove unwanted food and drink -->
	<remove xpath="/recipes/recipe[@name='drinkYuccaJuiceSmoothie']"></remove>
	<remove xpath="/recipes/recipe[@name='foodCanSham']"></remove>
	<remove xpath="/recipes/recipe[@name='drinkJarBeer']"></remove>
	<remove xpath="/recipes/recipe[@name='drinkCanEmpty']"></remove>
	<remove xpath="/recipes/recipe[@name='drinkJarBlackStrapCoffee']"></remove>
	<remove xpath="/recipes/recipe[@name='foodBlueberryPie']"></remove>
	<remove xpath="/recipes/recipe[contains(@name, 'JarGrandpas')]"></remove>
	<remove xpath="/recipes/recipe[contains(@name, 'Pumpkin')]"></remove>
	<remove xpath="/recipes/recipe[@name='foodChiliDog']"></remove>
	<remove xpath="/recipes/recipe[@name='foodCornBread']"></remove>
	<remove xpath="/recipes/recipe[@name='foodCornMeal']"></remove>
	<remove xpath="/recipes/recipe[@name='foodFishTacos']"></remove>
	<remove xpath="/recipes/recipe[@name='foodShepardsPie']"></remove>
	<remove xpath="/recipes/recipe[@name='foodGumboStew']"></remove>
	<remove xpath="/recipes/recipe[@name='foodTunaFishGravyToast']"></remove>
	<remove xpath="/recipes/recipe[@name='foodHoboStew']"></remove>
	<remove xpath="/recipes/recipe[@name='plantedGraceCorn1']"></remove>
	<remove xpath="/recipes/recipe[@name='foodSpaghetti']"></remove>

	
	<!-- Remove unwanted resources -->
	<remove xpath="/recipes/recipe[@name='resourceGlue']"></remove>
	<remove xpath="/recipes/recipe[@name='resourceLockPick']"></remove>
	<remove xpath="/recipes/recipe[@name='resourceLockPickBundle']"></remove>
	<remove xpath="/recipes/recipe[@name='resourceBrokenGlass']"></remove>	
	<remove xpath="/recipes/recipe[@name='terrDestroyedStone']"></remove>
	<remove xpath="/recipes/recipe[@name='terrDirt']"></remove>
	<remove xpath="/recipes/recipe[@name='terrTopSoil']"></remove>
	<remove xpath="/recipes/recipe[@name='terrGravel']"></remove>
	<remove xpath="/recipes/recipe[@name='terrAsphalt']"></remove>

	<!-- Remove unwanted apparel and armor -->
	<remove xpath="/recipes/recipe[@name='apparelCigar']"></remove>
	<remove xpath="/recipes/recipe[@name='apparelBallCap']"></remove>
	<remove xpath="/recipes/recipe[@name='apparelCoatJacketLetterZU']"></remove>
	<remove xpath="/recipes/recipe[@name='apparelCoatLeatherPoncho']"></remove>
	<remove xpath="/recipes/recipe[contains(@name, 'apparelPlant')]"></remove>
	<remove xpath="/recipes/recipe[@name='apparelFlannelShirt']"></remove>
	<remove xpath="/recipes/recipe[@name='apparelSweatshirt']"></remove>
	<remove xpath="/recipes/recipe[@name='apparelSkullCap']"></remove>
	<remove xpath="/recipes/recipe[@name='apparelDenimPants']"></remove>
	<remove xpath="/recipes/recipe[@name='apparelDenimShortsPants']"></remove>
	<remove xpath="/recipes/recipe[@name='apparelOveralls']"></remove>
	<remove xpath="/recipes/recipe[@name='apparelSkirt']"></remove>
	<remove xpath="/recipes/recipe[@name='apparelWornBoots']"></remove>
	<remove xpath="/recipes/recipe[@name='apparelRunningShoesRegular']"></remove>
	<remove xpath="/recipes/recipe[@name='apparelCowboyBoots']"></remove>
	<remove xpath="/recipes/recipe[@name='apparelSuitDressShoes']"></remove>
	<remove xpath="/recipes/recipe[@name='apparelTankTop']"></remove>
	<remove xpath="/recipes/recipe[@name='apparelTShirtPlain']"></remove>
	<remove xpath="/recipes/recipe[@name='apparelCowboyHat']"></remove>
	<remove xpath="/recipes/recipe[@name='apparelCoatLeatherDuster']"></remove>
	<remove xpath="/recipes/recipe[@name='apparelCoatPufferCoat']"></remove>
	<remove xpath="/recipes/recipe[@name='apparelArmyPants']"></remove>
	<remove xpath="/recipes/recipe[@name='apparelArmyShirt']"></remove>
	<remove xpath="/recipes/recipe[contains(@name, 'apparelGhillie')]"></remove>
	<remove xpath="/recipes/recipe[@name='modClothingStoragePocket']"></remove>
	<remove xpath="/recipes/recipe[@name='modClothingCargoStoragePocket']"></remove>
	<remove xpath="/recipes/recipe[@name='armorFirefightersHelmet']"></remove>
	<remove xpath="/recipes/recipe[@name='armorMiningHelmet']"></remove>
	<remove xpath="/recipes/recipe[contains(@name, 'armorCloth')]"></remove>
	<remove xpath="/recipes/recipe[contains(@name, 'armorIron')]"></remove>
	<remove xpath="/recipes/recipe[contains(@name, 'armorLeather')]"></remove>
	<remove xpath="/recipes/recipe[contains(@name, 'armorMilitary')]"></remove>
	<remove xpath="/recipes/recipe[contains(@name, 'armorScrap')]"></remove>
	<remove xpath="/recipes/recipe[contains(@name, 'armorSteel')]"></remove>
	<!-- Remove unwanted misc -->

	<remove xpath="/recipes/recipe[contains(@name, 'couch')]"></remove>
	<remove xpath="/recipes/recipe[contains(@name, 'Couch')]"></remove>
	<remove xpath="/recipes/recipe[@name='looseBoardsTrapBlock1x1']"></remove>
	<remove xpath="/recipes/recipe[@name='looseBoardsTrapBlock3x3']"></remove>
	<remove xpath="/recipes/recipe[@name='looseBoardsTrapPlate1x1']"></remove>
	<remove xpath="/recipes/recipe[@name='candle']"></remove>
	<remove xpath="/recipes/recipe[@name='candleTableLightPlayer']"></remove>
	<remove xpath="/recipes/recipe[@name='plantedBlueberry1']"></remove>
	<remove xpath="/recipes/recipe[contains(@name, 'MailBox')]"></remove>
	<remove xpath="/recipes/recipe[contains(@name, 'WoodFurniture')]"></remove>
<!-- 	<remove xpath="/recipes/recipe[@name='farmPlotBlockVariantHelper']"></remove> -->
	<remove xpath="/recipes/recipe[contains(@name, 'planted')]"></remove>
	<remove xpath="/recipes/recipe[@name='sinksToiletsBlockVariantHelper']"></remove>
	<remove xpath="/recipes/recipe[@name='woodFenceRailingTrellisSheetBlockVariantHelper']"></remove>
	<remove xpath="/recipes/recipe[@name='metalFenceRailingTrellisSheetBlockVariantHelper']"></remove>
	<remove xpath="/recipes/recipe[@name='woodLogPillar100']"></remove>
<!-- 	<remove xpath="/recipes/recipe[@name='resourceCloth']"></remove>
	<remove xpath="/recipes/recipe[@name='resourceLeather']"></remove> -->
	<remove xpath="/recipes/recipe[@name='resourcePaper']"></remove>
	<remove xpath="/recipes/recipe[@name='bucketEmpty']"></remove>
	<remove xpath="/recipes/recipe[@name='bed02']"></remove>
	<remove xpath="/recipes/recipe[@name='officeChair01']"></remove>
	<remove xpath="/recipes/recipe[@name='oldChair1VariantHelper']"></remove>
	<remove xpath="/recipes/recipe[@name='keystoneBlock']"></remove>
	<remove xpath="/recipes/recipe[@name='bladeTrap']"></remove>	
	<!-- End of removal -->	
	<!-- Use broken weapons to create new ones -->	
	<remove xpath="/recipes/recipe[@name='meleeWpnBladeT1HuntingKnife']"></remove>
	<remove xpath="/recipes/recipe[@name='meleeWpnBladeT3Machete']"></remove>
	<remove xpath="/recipes/recipe[@name='meleeWpnClubT1BaseballBat']"></remove>
	<remove xpath="/recipes/recipe[@name='meleeWpnClubT3SteelClub']"></remove>
	<remove xpath="/recipes/recipe[@name='meleeWpnBatonT2StunBaton']"></remove>
 	<remove xpath="/recipes/recipe[@name='gunHandgunT1Pistol']"></remove>
	<remove xpath="/recipes/recipe[@name='gunHandgunT3SMG5']"></remove>
	<remove xpath="/recipes/recipe[@name='gunShotgunT1DoubleBarrel']"></remove>
	<remove xpath="/recipes/recipe[@name='gunShotgunT2PumpShotgun']"></remove>
	<remove xpath="/recipes/recipe[@name='gunShotgunT3AutoShotgun']"></remove>
	<remove xpath="/recipes/recipe[@name='gunRifleT1HuntingRifle']"></remove>
	<remove xpath="/recipes/recipe[@name='gunRifleT2LeverActionRifle']"></remove>
	<remove xpath="/recipes/recipe[@name='gunRifleT3SniperRifle']"></remove>
	<remove xpath="/recipes/recipe[@name='gunMGT1AK47']"></remove>
	<remove xpath="/recipes/recipe[@name='gunMGT2TacticalAR']"></remove>
	<remove xpath="/recipes/recipe[@name='gunMGT3M60']"></remove>
	<remove xpath="/recipes/recipe[@name='gunExplosivesT3RocketLauncher']"></remove>
	<remove xpath="/recipes/recipe[@name='meleeWpnKnucklesT1IronKnuckles']"></remove>
	<remove xpath="/recipes/recipe[@name='meleeWpnKnucklesT3SteelKnuckles']"></remove>
	<remove xpath="/recipes/recipe[@name='gunBowT1WoodenBow']"></remove>
	<remove xpath="/recipes/recipe[@name='gunBowT3CompoundBow']"></remove>
	<remove xpath="/recipes/recipe[@name='gunBowT1IronCrossbow']"></remove>
<!-- 	<remove xpath="/recipes/recipe[@name='meleeToolWireTool']"></remove>
	<remove xpath="/recipes/recipe[@name='meleeToolRepairT1ClawHammer']"></remove>
	<remove xpath="/recipes/recipe[@name='meleeToolSalvageT1Wrench']"></remove>
	<remove xpath="/recipes/recipe[@name='meleeToolAxeT3Chainsaw']"></remove> -->
	<remove xpath="/recipes/recipe[@name='autoTurret']"></remove>
	<remove xpath="/recipes/recipe[@name='shotgunTurret']"></remove>

	<append xpath="/recipes">
	
	
		<recipe name="meleeWpnBladeT1HuntingKnife" count="1" tags="learnable,perkDeepCuts">
			<ingredient name="meleeWpnBladeBrokenHuntingKnife" count="1"/>
			<ingredient name="resourceWood" count="4"/>
			<ingredient name="resourceLeather" count="2"/>
			<ingredient name="resourceDuctTape" count="2"/>
			<effect_group>
				<passive_effect name="CraftingIngredientCount" level="2,6" operation="perc_add" value=".5,2.5" tags="meleeWpnBladeT1HuntingKnife,resourceWood,resourceLeather,resourceDuctTape"/>
			</effect_group>
		</recipe>
		<recipe name="meleeWpnBladeT3Machete" count="1" craft_area="workbench" craft_time="60" tags="learnable,perkDeepCuts">
			<ingredient name="meleeWpnBladeBrokenMachete" count="1"/>
			<ingredient name="resourceForgedSteel" count="5"/>
			<ingredient name="resourceWood" count="5"/>
			<ingredient name="resourceLeather" count="3"/>
			<ingredient name="resourceDuctTape" count="3"/>
			<effect_group>
				<passive_effect name="CraftingIngredientCount" level="2,6" operation="perc_add" value=".5,2.5" tags="meleeWpnBladeBrokenMachete,resourceForgedSteel,resourceWood,resourceLeather,resourceDuctTape"/>
			</effect_group>
		</recipe>			
		<recipe name="meleeWpnClubT1BaseballBat" count="1" tags="learnable,perkPummelPete">
			<ingredient name="meleeWpnClubBrokenBaseballBat" count="1"/>
			<ingredient name="resourceWood" count="5"/>
			<ingredient name="resourceLeather" count="1"/>
			<ingredient name="resourceDuctTape" count="1"/>
			<effect_group>
				<passive_effect name="CraftingIngredientCount" level="2,6" operation="perc_add" value=".5,2.5" tags="meleeWpnClubBrokenBaseballBat,resourceWood,resourceLeather,resourceDuctTape"/>
			</effect_group>
		</recipe>		
		<recipe name="meleeWpnClubT3SteelClub" count="1" craft_area="workbench" tags="learnable,perkPummelPete">
			<ingredient name="meleeWpnClubBrokenSteelClub" count="1"/>
			<ingredient name="resourceForgedSteel" count="10"/>
			<ingredient name="resourceWood" count="10"/>
			<ingredient name="resourceLeather" count="3"/>
			<ingredient name="resourceDuctTape" count="3"/>
			<effect_group>
				<passive_effect name="CraftingIngredientCount" level="2,6" operation="perc_add" value=".5,2.5" tags="meleeWpnClubBrokenSteelClub,resourceForgedSteel,resourceWood,resourceLeather,resourceDuctTape"/>
			</effect_group>
		</recipe>		
		<recipe name="meleeWpnBatonT2StunBaton" count="1" craft_area="workbench" tags="learnable,perkElectrocutioner">
			<ingredient name="meleeWpnBatonBrokenStunBaton" count="1"/>
			<ingredient name="resourceForgedIron" count="5"/>
			<ingredient name="resourceLeather" count="2"/>
			<ingredient name="resourceDuctTape" count="2"/>
			<ingredient name="resourceElectricParts" count="2"/>
			<effect_group>
				<passive_effect name="CraftingIngredientCount" level="2,6" operation="perc_add" value=".5,2.5" tags="meleeWpnBatonBrokenStunBaton,resourceForgedIron,resourceLeather,resourceDuctTape,resourceElectricParts"/>
			</effect_group>
		</recipe>
		<recipe name="gunHandgunT1Pistol" count="1" craft_area="workbench" tags="learnable,perkGunslinger">
			<ingredient name="gunHandgunBrokenPistol" count="1"/>
			<ingredient name="resourceForgedIron" count="10"/>
			<ingredient name="resourceDuctTape" count="2"/>
			<ingredient name="resourceScrapPolymers" count="5"/>
			<ingredient name="resourceSpring" count="2"/>
			<effect_group>
				<passive_effect name="CraftingIngredientCount" level="2,6" operation="perc_add" value=".5,2.5" tags="gunHandgunBrokenPistol,resourceForgedIron,resourceDuctTape,resourceScrapPolymers,resourceSpring"/>
			</effect_group>
		</recipe>
		<recipe name="gunHandgunT3SMG5" count="1" craft_area="workbench" tags="learnable,perkGunslinger">
			<ingredient name="gunHandgunBrokenSMG5" count="1"/>
			<ingredient name="resourceForgedSteel" count="10"/>
			<ingredient name="resourceDuctTape" count="3"/>
			<ingredient name="resourceScrapPolymers" count="10"/>
			<ingredient name="resourceSpring" count="3"/>
			<effect_group>
				<passive_effect name="CraftingIngredientCount" level="2,6" operation="perc_add" value=".5,2.5" tags="gunHandgunBrokenSMG5,resourceForgedSteel,resourceDuctTape,resourceScrapPolymers,resourceSpring"/>
			</effect_group>
		</recipe>		
		<recipe name="gunShotgunT1DoubleBarrel" count="1" craft_area="workbench" tags="learnable,perkBoomstick">
			<ingredient name="gunShotgunBrokenDoubleBarrel" count="1"/>
			<ingredient name="resourceForgedIron" count="10"/>
			<ingredient name="resourceDuctTape" count="2"/>
			<ingredient name="resourceScrapPolymers" count="10"/>
			<ingredient name="resourceSpring" count="2"/>
			<effect_group>
				<passive_effect name="CraftingIngredientCount" level="2,6" operation="perc_add" value=".5,2.5" tags="gunShotgunBrokenDoubleBarrel,resourceForgedIron,resourceDuctTape,resourceScrapPolymers,resourceSpring"/>
			</effect_group>
		</recipe>
		<recipe name="gunShotgunT2PumpShotgun" count="1" craft_area="workbench" tags="learnable,perkBoomstick">
			<ingredient name="gunShotgunBrokenPumpShotgun" count="1"/>
			<ingredient name="resourceForgedSteel" count="15"/>
			<ingredient name="resourceDuctTape" count="3"/>
			<ingredient name="resourceScrapPolymers" count="20"/>
			<ingredient name="resourceSpring" count="3"/>
			<effect_group>
				<passive_effect name="CraftingIngredientCount" level="2,6" operation="perc_add" value=".5,2.5" tags="gunShotgunBrokenPumpShotgun,resourceForgedSteel,resourceDuctTape,resourceScrapPolymers,resourceSpring"/>
			</effect_group>
		</recipe>
		<recipe name="gunShotgunT3AutoShotgun" count="1" craft_area="workbench" tags="learnable,perkBoomstick">
			<ingredient name="gunShotgunBrokenAutoShotgun" count="1"/>
			<ingredient name="resourceForgedSteel" count="30"/>
			<ingredient name="resourceDuctTape" count="3"/>
			<ingredient name="resourceScrapPolymers" count="40"/>
			<ingredient name="resourceSpring" count="4"/>
			<effect_group>
				<passive_effect name="CraftingIngredientCount" level="2,6" operation="perc_add" value=".5,2.5" tags="gunShotgunBrokenAutoShotgun,resourceForgedSteel,resourceDuctTape,resourceScrapPolymers,resourceSpring"/>
			</effect_group>
		</recipe>
		<recipe name="gunRifleT1HuntingRifle" count="1" craft_area="workbench" tags="learnable,perkDeadEye">
			<ingredient name="gunRifleBrokenHuntingRifle" count="1"/>
			<ingredient name="resourceForgedIron" count="10"/>
			<ingredient name="resourceDuctTape" count="2"/>
			<ingredient name="resourceScrapPolymers" count="10"/>
			<ingredient name="resourceSpring" count="2"/>
			<effect_group>
				<passive_effect name="CraftingIngredientCount" level="2,6" operation="perc_add" value=".5,2.5" tags="gunRifleBrokenHuntingRifle,resourceForgedIron,resourceDuctTape,resourceScrapPolymers,resourceSpring"/>
			</effect_group>
		</recipe>
		<recipe name="gunRifleT2LeverActionRifle" count="1" craft_area="workbench" tags="learnable,perkDeadEye">
			<ingredient name="gunRifleBrokenLeverActionRifle" count="1"/>
			<ingredient name="resourceForgedSteel" count="15"/>
			<ingredient name="resourceDuctTape" count="10"/>
			<ingredient name="resourceScrapPolymers" count="20"/>
			<ingredient name="resourceSpring" count="10"/>
			<effect_group>
				<passive_effect name="CraftingIngredientCount" level="2,6" operation="perc_add" value=".5,2.5" tags="gunRifleBrokenLeverActionRifle,resourceForgedSteel,resourceDuctTape,resourceScrapPolymers,resourceSpring"/>
			</effect_group>
		</recipe>
		<recipe name="gunRifleT3SniperRifle" count="1" craft_area="workbench" tags="learnable,perkDeadEye">
			<ingredient name="gunRifleBrokenSniperRifle" count="1"/>
			<ingredient name="resourceForgedSteel" count="30"/>
			<ingredient name="resourceDuctTape" count="10"/>
			<ingredient name="resourceScrapPolymers" count="40"/>
			<ingredient name="resourceSpring" count="12"/>
			<effect_group>
				<passive_effect name="CraftingIngredientCount" level="2,6" operation="perc_add" value=".5,2.5" tags="gunRifleBrokenSniperRifle,resourceForgedSteel,resourceDuctTape,resourceScrapPolymers,resourceSpring"/>
			</effect_group>
		</recipe>
		<recipe name="gunMGT1AK47" count="1" craft_area="workbench" tags="learnable,perkMachineGunner">
			<ingredient name="gunMGBrokenAK47" count="1"/>
			<ingredient name="resourceForgedIron" count="10"/>
			<ingredient name="resourceDuctTape" count="2"/>
			<ingredient name="resourceScrapPolymers" count="10"/>
			<ingredient name="resourceSpring" count="2"/>
			<effect_group>
				<passive_effect name="CraftingIngredientCount" level="2,6" operation="perc_add" value=".5,2.5" tags="gunMGBrokenAK47,resourceForgedIron,resourceDuctTape,resourceScrapPolymers,resourceSpring"/>
			</effect_group>
		</recipe>
		<recipe name="gunMGT2TacticalAR" count="1" craft_area="workbench" tags="learnable,perkMachineGunner">
			<ingredient name="gunMGBrokenTacticalAR" count="1"/>
			<ingredient name="resourceForgedSteel" count="10"/>
			<ingredient name="resourceDuctTape" count="3"/>
			<ingredient name="resourceScrapPolymers" count="5"/>
			<ingredient name="resourceSpring" count="3"/>
			<effect_group>
				<passive_effect name="CraftingIngredientCount" level="2,6" operation="perc_add" value=".5,2.5" tags="gunMGBrokenTacticalAR,resourceForgedIron,resourceDuctTape,resourceScrapPolymers,resourceSpring"/>
			</effect_group>
		</recipe>
		<recipe name="gunMGT3M60" count="1" craft_area="workbench" tags="learnable,perkMachineGunner">
			<ingredient name="gunMGBrokenM60" count="1"/>
			<ingredient name="resourceForgedSteel" count="20"/>
			<ingredient name="resourceDuctTape" count="3"/>
			<ingredient name="resourceScrapPolymers" count="10"/>
			<ingredient name="resourceSpring" count="4"/>
			<effect_group>
				<passive_effect name="CraftingIngredientCount" level="2,6" operation="perc_add" value=".5,2.5" tags="gunMGBrokenM60,resourceForgedSteel,resourceDuctTape,resourceScrapPolymers,resourceSpring"/>
			</effect_group>
		</recipe>
		<recipe name="gunExplosivesT3RocketLauncher" count="1" craft_area="workbench" tags="learnable,perkDemolitionsExpert">
			<ingredient name="gunExplosivesBrokenRocketLauncher" count="1"/>
			<ingredient name="resourceForgedSteel" count="20"/>
			<ingredient name="resourceDuctTape" count="3"/>
			<ingredient name="resourceElectricParts" count="5"/>
			<ingredient name="resourceSpring" count="3"/>
			<effect_group>
				<passive_effect name="CraftingIngredientCount" level="2,6" operation="perc_add" value=".5,2.5" tags="gunExplosivesBrokenRocketLauncher,resourceForgedSteel,resourceDuctTape,resourceElectricParts,resourceSpring"/>
			</effect_group>
		</recipe>
		<recipe name="meleeWpnKnucklesT1IronKnuckles" count="1" tags="learnable,perkBrawler">
			<ingredient name="meleeWpnKnucklesBrokenIronKnuckles" count="1"/>
			<ingredient name="resourceForgedIron" count="2"/>
			<ingredient name="resourceMechanicalParts" count="4"/>
			<ingredient name="resourceLeather" count="2"/>
			<ingredient name="resourceDuctTape" count="2"/>
			<effect_group>
				<passive_effect name="CraftingIngredientCount" level="2,6" operation="perc_add" value=".5,2.5" tags="meleeWpnKnucklesT1IronKnuckles,resourceForgedIron,resourceMechanicalParts,resourceLeather,resourceDuctTape"/>
			</effect_group>
		</recipe>		
		<recipe name="meleeWpnKnucklesT3SteelKnuckles" count="1" craft_area="workbench" tags="learnable,perkBrawler">
			<ingredient name="meleeWpnKnucklesBrokenSteelKnuckles" count="1"/>
			<ingredient name="resourceForgedSteel" count="10"/>
			<ingredient name="resourceLeather" count="3"/>
			<ingredient name="resourceDuctTape" count="3"/>
			<effect_group>
				<passive_effect name="CraftingIngredientCount" level="2,6" operation="perc_add" value=".5,2.5" tags="meleeWpnKnucklesBrokenSteelKnuckles,resourceForgedSteel,resourceWood,resourceLeather,resourceDuctTape"/>
			</effect_group>
		</recipe>	
		<recipe name="gunBowT1WoodenBow" count="1" tags="learnable,perkArchery">
			<ingredient name="gunBowBrokenWoodenBow" count="1"/>
			<ingredient name="resourceWood" count="20"/>
			<ingredient name="resourceLeather" count="3"/>
			<ingredient name="resourceGlue" count="2"/>
			<ingredient name="resourceDuctTape" count="3"/>
			<effect_group>
				<passive_effect name="CraftingIngredientCount" level="2,6" operation="perc_add" value=".5,2.5" tags="gunBowBrokenWoodenBow,resourceWood,resourceLeather,resourceGlue,resourceDuctTape"/>
			</effect_group>
		</recipe>
		<recipe name="gunBowT3CompoundBow" count="1" craft_area="workbench" tags="learnable,perkArchery">
			<ingredient name="gunBowBrokenCompoundBow" count="1"/>
			<ingredient name="resourceScrapPolymers" count="25"/>
			<ingredient name="resourceLeather" count="5"/>
			<ingredient name="resourceDuctTape" count="5"/>
			<ingredient name="resourceSpring" count="10"/>
			<effect_group>
				<passive_effect name="CraftingIngredientCount" level="2,6" operation="perc_add" value=".5,2.5" tags="gunBowBrokenCompoundBow,resourceScrapPolymers,resourceLeather,resourceDuctTape,resourceSpring"/>
			</effect_group>
		</recipe>
		<recipe name="gunBowT1IronCrossbow" count="1" craft_area="workbench" tags="learnable,perkArchery">
			<ingredient name="gunBowBrokenIronCrossbow" count="1"/>
			<ingredient name="resourceForgedIron" count="15"/>
			<ingredient name="resourceDuctTape" count="3"/>
			<ingredient name="resourceLeather" count="3"/>
			<ingredient name="resourceWood" count="20"/>
			<effect_group>
				<passive_effect name="CraftingIngredientCount" level="2,6" operation="perc_add" value=".5,2.5" tags="gunBowBrokenIronCrossbow,resourceForgedIron,resourceDuctTape,resourceLeather,resourceWood"/>
			</effect_group>
		</recipe>
		<recipe name="gunBowT3CompoundCrossbow" count="1" craft_area="workbench" tags="learnable,perkArchery">
			<ingredient name="gunBowBrokenCompoundCrossbow" count="1"/>
			<ingredient name="resourceForgedSteel" count="15"/>
			<ingredient name="resourceDuctTape" count="3"/>
			<ingredient name="resourceLeather" count="3"/>
			<ingredient name="resourceScrapPolymers" count="20"/>
			<effect_group>
				<passive_effect name="CraftingIngredientCount" level="2,6" operation="perc_add" value=".5,2.5" tags="gunBowBrokenCompoundCrossbow,resourceForgedSteel,resourceDuctTape,resourceScrapPolymers,resourceSpring"/>
			</effect_group>
		</recipe>						
		<recipe name="autoTurret" count="1" craft_area="workbench" tags="perkAdvancedEngineering,learnable"> <!-- trap -->
			<ingredient name="motionsensor" count="1"/>
			<ingredient name="resourceForgedSteel" count="30"/>
			<ingredient name="gunHandgunBrokenSMG5" count="1"/>
			<ingredient name="resourceOil" count="10"/>
			<ingredient name="resourceScrapPolymers" count="5"/>
			<effect_group>
				<passive_effect name="CraftingIngredientCount" level="0,1,2,3,4" operation="perc_add" value=".56,.56,.56,.34,.15" tags="resourceForgedSteel,gunHandgunBrokenSMG5,resourceOil,resourceScrapPolymers"/>
			</effect_group>
		</recipe>
		<recipe name="shotgunTurret" count="1" craft_area="workbench" tags="perkAdvancedEngineering,learnable"> <!-- trap -->
			<ingredient name="resourceForgedSteel" count="40"/>
			<ingredient name="resourceScrapPolymers" count="10"/>
			<ingredient name="resourceOil" count="10"/>
			<ingredient name="motionsensor" count="1"/>
			<ingredient name="gunShotgunBrokenPumpShotgun" count="1"/>
			<effect_group>
				<passive_effect name="CraftingIngredientCount" level="0,1,2,3,4" operation="perc_add" value=".56,.56,.56,.34,.15" tags="resourceForgedSteel,gunShotgunBrokenPumpShotgun,resourceOil,resourceScrapPolymers"/>
			</effect_group>
		</recipe>		
	</append> 



	<append xpath="/recipes">
		<!-- Adding titanium -->	
		<recipe name="resourceForgedTitanium" count="1" material_based="true" craft_area="forge" tags="perkAdvancedEngineering" craft_tool="toolForgeCrucible">
			<ingredient name="unit_iron" count="25"/>
			<ingredient name="unit_clay" count="15"/>
			<effect_group>
				<passive_effect name="CraftingIngredientCount" level="0,1,2,3,4" operation="perc_add" value=".56,.56,.56,.34,.15" tags="unit_clay,unit_iron"/>
			</effect_group>
		</recipe>
		<!-- Adding new darts -->	
		<recipe name="ammoDartSteel" count="1" material_based="true" craft_area="forge" tags="perkAdvancedEngineering" craft_tool="toolForgeCrucible">
			<ingredient name="unit_iron" count="5"/>
			<ingredient name="unit_clay" count="2"/>
			<effect_group>
				<passive_effect name="CraftingIngredientCount" level="0,1,2,3,4" operation="perc_add" value=".56,.56,.56,.34,.15" tags="unit_clay,unit_iron"/>
			</effect_group>
		</recipe>
		<recipe name="ammoDartTitanium" count="1" material_based="true" craft_area="forge" tags="perkAdvancedEngineering" craft_tool="toolForgeCrucible">
			<ingredient name="unit_iron" count="7"/>
			<ingredient name="unit_clay" count="4"/>
			<effect_group>
				<passive_effect name="CraftingIngredientCount" level="0,1,2,3,4" operation="perc_add" value=".56,.56,.56,.34,.15" tags="unit_clay,unit_iron"/>
			</effect_group>
		</recipe>
		<!-- Adding new blade traps -->
		<recipe name="bladeTrapIron" count="1" craft_area="workbench" tags="perkAdvancedEngineering,learnable"> <!-- trap -->
			<ingredient name="resourceForgedIron" count="20"/>
			<ingredient name="resourceMechanicalParts" count="8"/>
			<ingredient name="resourceElectricParts" count="6"/>
			<ingredient name="resourceOil" count="10"/>
			<effect_group>
				<passive_effect name="CraftingIngredientCount" level="0,1,2,3,4" operation="perc_add" value=".56,.56,.56,.34,.15" tags="resourceForgedIron,resourceMechanicalParts,resourceElectricParts,resourceOil"/>
			</effect_group>
		</recipe>

		<recipe name="bladeTrapSteel" count="1" craft_area="workbench" tags="perkAdvancedEngineering,learnable"> <!-- trap -->
			<ingredient name="resourceForgedSteel" count="20"/>
			<ingredient name="resourceMechanicalParts" count="10"/>
			<ingredient name="resourceElectricParts" count="8"/>
			<ingredient name="resourceOil" count="12"/>
			<effect_group>
				<passive_effect name="CraftingIngredientCount" level="0,1,2,3,4" operation="perc_add" value=".56,.56,.56,.34,.15" tags="resourceForgedSteel,resourceMechanicalParts,resourceElectricParts,resourceOil"/>
			</effect_group>
		</recipe>

		<recipe name="bladeTrapTitanium" count="1" craft_area="workbench" tags="perkAdvancedEngineering,learnable"> <!-- trap -->
			<ingredient name="resourceForgedTitanium" count="20"/>
			<ingredient name="resourceMechanicalParts" count="12"/>
			<ingredient name="resourceElectricParts" count="10"/>
			<ingredient name="resourceOil" count="14"/>
			<effect_group>
				<passive_effect name="CraftingIngredientCount" level="0,1,2,3,4" operation="perc_add" value=".56,.56,.56,.34,.15" tags="bladeTrapTitanium,resourceMechanicalParts,resourceElectricParts,resourceOil"/>
			</effect_group>
		</recipe>	
		
		<recipe name="auto762Turret" count="1" craft_area="workbench" tags="perkAdvancedEngineering,learnable"> <!-- trap -->
			<ingredient name="motionsensor" count="1"/>
			<ingredient name="gunMGT1AK47" count="1"/>
			<ingredient name="resourceForgedSteel" count="20"/>
			<ingredient name="resourceMechanicalParts" count="12"/>
			<ingredient name="resourceElectricParts" count="5"/>
			<ingredient name="resourceOil" count="14"/>
			<effect_group>
				<passive_effect name="CraftingIngredientCount" level="0,1,2,3,4" operation="perc_add" value=".56,.56,.56,.34,.15" tags="resourceForgedSteel,resourceMechanicalParts,resourceElectricParts,resourceOil"/>
			</effect_group>
		</recipe>
		
		
		<!-- New atomic ammo -->
		<recipe name="ammoAtomicArrow" count="1" craft_area="workbench" tags="learnable,workbenchCrafting">
			<ingredient name="resourceScrapPolymers" count="10"/>
			<ingredient name="ammoArrowExploding" count="10"/>
			<ingredient name="ammoRocketHE" count="1"/>
			<ingredient name="resourceDuctTape" count="5"/>
			<ingredient name="ammoGasCan" count="5"/>
			<ingredient name="resourceForgedTitanium" count="5"/> 
		</recipe>
		<recipe name="ammoAtomicBolt" count="1" craft_area="workbench" tags="learnable,workbenchCrafting">
			<ingredient name="resourceScrapPolymers" count="10"/>
			<ingredient name="ammoCrossbowBoltExploding" count="10"/>
			<ingredient name="ammoRocketHE" count="1"/>
			<ingredient name="resourceDuctTape" count="5"/>
			<ingredient name="ammoGasCan" count="5"/>
			<ingredient name="resourceForgedTitanium" count="5"/>
		</recipe>
		<recipe name="thrownAmmoAtomicPipeBomb" count="1" craft_area="workbench" tags="learnable,workbenchCrafting">
			<ingredient name="resourceScrapPolymers" count="5"/>
			<ingredient name="resourceMetalPipe" count="2"/>
			<ingredient name="resourceGunPowder" count="40"/>
			<ingredient name="resourceDuctTape" count="1"/>
			<ingredient name="ammoGasCan" count="5"/>
			<ingredient name="resourceForgedTitanium" count="5"/>
		</recipe>
	</append>
</configs>