<ErrorNull>

	<!-- ################################## PINE FOREST #################################
	First, disable vanilla spawners ZombiesAll, ZombiesNight, ZombiesForestDowntown,
	ZombiesForestDowntownNight,	WildGameForest, and EnemyAnimalsForest by setting
	maxcount=0. Then, append custom spawners (starts with "Pineforest") in order to allow
	spawning of zombies specific only to this biome. Vanilla spawners are not deleted to
	prevent warning/errors by other mods that still try to use those spawners.
	##################################################################################-->
	<set xpath="/spawning/biome[@name='pine_forest']/spawn/@maxcount">0</set>
	<append xpath="/spawning/biome[@name='pine_forest']">
		<spawn maxcount="2" respawndelay="1.00"	time="Day" 		entitygroup="PineforestZombiesDay" 				notags="commercial,industrial,downtown" />
		<spawn maxcount="3" respawndelay="0.50"	time="Day" 		entitygroup="PineforestZombiesDayCity" 			tags="commercial,industrial" notags="downtown" />
		<spawn maxcount="4" respawndelay="0.25"	time="Day" 		entitygroup="PineforestZombiesDayDowntown" 		tags="downtown" />
		<spawn maxcount="1" respawndelay="2.00"	time="Day" 		entitygroup="PineforestAnimalsAggroDay" 		spawnDeadChance="0" />
		<spawn maxcount="1" respawndelay="1.00"	time="Day" 		entitygroup="PineforestAnimalsGameDay" 			spawnDeadChance="0" />
		<spawn maxcount="3" respawndelay="0.50"	time="Night" 	entitygroup="PineforestZombiesNight" 			notags="commercial,industrial,downtown" />
		<spawn maxcount="4" respawndelay="0.25"	time="Night" 	entitygroup="PineforestZombiesNightCity" 		tags="commercial,industrial" notags="downtown" />
		<spawn maxcount="5" respawndelay="0.10"	time="Night" 	entitygroup="PineforestZombiesNightDowntown" 	tags="downtown" />
		<spawn maxcount="1" respawndelay="1.00"	time="Night" 	entitygroup="PineforestAnimalsAggroNight" 		spawnDeadChance="0" />
		<spawn maxcount="1" respawndelay="1.00"	time="Night" 	entitygroup="PineforestAnimalsGameNight" 		spawnDeadChance="0" />
	</append>
	
	
	<!-- #################################### DESERT ###################################
	First, disable vanilla spawners ZombiesAll, ZombiesNight, ZombiesDowntown,
	WildGameForest, and EnemyAnimalsDesert by setting maxcount=0. Then, append custom
	spawners (starts with "Desert") in order to allow spawning of zombies specific only
	to this biome. Vanilla spawners are not deleted to prevent warning/errors by other
	mods that still try to use those spawners.
	##################################################################################-->
	<set xpath="/spawning/biome[@name='desert']/spawn/@maxcount">0</set>
	<append xpath="/spawning/biome[@name='desert']">
		<spawn maxcount="2" respawndelay="1.00" time="Day" 		entitygroup="DesertZombiesDay"				notags="commercial,industrial,downtown" />
		<spawn maxcount="3" respawndelay="0.50" time="Day" 		entitygroup="DesertZombiesDayCity"			tags="commercial,industrial" notags="downtown" />
		<spawn maxcount="4" respawndelay="0.25" time="Day" 		entitygroup="DesertZombiesDayDowntown"		tags="downtown" />
		<spawn maxcount="1" respawndelay="2.00"	time="Day" 		entitygroup="DesertAnimalsAggroDay" 		spawnDeadChance="0" />
		<spawn maxcount="1" respawndelay="1.00"	time="Day" 		entitygroup="DesertAnimalsGameDay" 			spawnDeadChance="0" />
		<spawn maxcount="3" respawndelay="0.50"	time="Night" 	entitygroup="DesertZombiesNight" 			notags="commercial,industrial,downtown" />
		<spawn maxcount="4" respawndelay="0.25"	time="Night" 	entitygroup="DesertZombiesNightCity"		tags="commercial,industrial" notags="downtown" />
		<spawn maxcount="5" respawndelay="0.10"	time="Night" 	entitygroup="DesertZombiesNightDowntown"	tags="downtown" />
		<spawn maxcount="1" respawndelay="1.00"	time="Night" 	entitygroup="DesertAnimalsAggroNight" 		spawnDeadChance="0" />
		<spawn maxcount="1" respawndelay="1.00"	time="Night" 	entitygroup="DesertAnimalsGameNight" 		spawnDeadChance="0" />
	</append>
	
	
	<!-- ##################################### SNOW ####################################
	First, disable vanilla spawners SnowZombies, ZombiesNight, ZombiesAll, 
	ZombiesDowntown, WildGameForest, and EnemyAnimalsSnow by setting maxcount=0. Then,
	append custom spawners (starts with "Snow") in order to allow spawning of zombies
	specific only to this biome. Vanilla spawners are not deleted to prevent warning or
	errors by other	mods that still try to use those spawners.
	##################################################################################-->
	<set xpath="/spawning/biome[@name='snow']/spawn/@maxcount">0</set>
	<append xpath="/spawning/biome[@name='snow']">
		<spawn maxcount="2" respawndelay="1.00" time="Day" 		entitygroup="SnowZombiesDay"		 	notags="commercial,industrial,downtown" />
		<spawn maxcount="3" respawndelay="0.50" time="Day" 		entitygroup="SnowZombiesDayCity"		tags="commercial,industrial" notags="downtown" />
		<spawn maxcount="4" respawndelay="0.25" time="Day" 		entitygroup="SnowZombiesDayDowntown"	tags="downtown" />
		<spawn maxcount="1" respawndelay="2.00" time="Day" 		entitygroup="SnowAnimalsAggroDay" 		spawnDeadChance="0" />
		<spawn maxcount="1" respawndelay="1.00" time="Day" 		entitygroup="SnowAnimalsGameDay" 		spawnDeadChance="0" />
		<spawn maxcount="3" respawndelay="0.50" time="Night" 	entitygroup="SnowZombiesNight"			notags="commercial,industrial,downtown" />
		<spawn maxcount="4" respawndelay="0.25" time="Night" 	entitygroup="SnowZombiesNightCity"		tags="commercial,industrial" notags="downtown" />
		<spawn maxcount="5" respawndelay="0.10" time="Night" 	entitygroup="SnowZombiesNightDowntown"	tags="downtown" />
		<spawn maxcount="1" respawndelay="1.00" time="Night" 	entitygroup="SnowAnimalsAggroNight" 	spawnDeadChance="0" />
		<spawn maxcount="1" respawndelay="1.00" time="Night" 	entitygroup="SnowAnimalsGameDay" 		spawnDeadChance="0" />
	</append>
	
	
	<!-- ################################# BURNT FOREST #################################
	First, disable vanilla spawners ZombiesBurntForest, ZombiesNight, ZombiesAll, 
	ZombiesDowntown, WildGameForest, and EnemyAnimalsBurntForest by setting maxcount=0.
	Then, append custom spawners (starts with "Burnt") in order to allow spawning of
	zombies specific only to this biome. Vanilla spawners are not deleted to prevent
	warning or errors by other	mods that still try to use those spawners.
	##################################################################################-->
	<set xpath="/spawning/biome[@name='burnt_forest']/spawn/@maxcount">0</set>
	<append xpath="/spawning/biome[@name='burnt_forest']">
		<spawn maxcount="2" respawndelay="1.00" time="Day" 		entitygroup="BurntZombiesDay"			notags="commercial,industrial,downtown" />
		<spawn maxcount="3" respawndelay="0.50" time="Day" 		entitygroup="BurntZombiesDayCity"		tags="commercial,industrial" notags="downtown" />
		<spawn maxcount="4" respawndelay="0.25" time="Day" 		entitygroup="BurntZombiesDayDowntown"	tags="downtown" />
		<spawn maxcount="1" respawndelay="2.00" time="Day" 		entitygroup="BurntAnimalsAggroDay"		spawnDeadChance="0" />
		<spawn maxcount="1" respawndelay="1.00" time="Day" 		entitygroup="BurntAnimalsGameDay" 		spawnDeadChance="0" />
		<spawn maxcount="3" respawndelay="0.50" time="Night" 	entitygroup="BurntZombiesNight"			notags="commercial,industrial,downtown" />
		<spawn maxcount="4" respawndelay="0.25" time="Night" 	entitygroup="BurntZombiesNightCity"		tags="commercial,industrial" notags="downtown" />
		<spawn maxcount="5" respawndelay="0.10" time="Night" 	entitygroup="BurntZombiesNightDowntown"	tags="downtown" />
		<spawn maxcount="1" respawndelay="1.00" time="Night" 	entitygroup="BurntAnimalsAggroNight" 	spawnDeadChance="0" />
		<spawn maxcount="1" respawndelay="1.00" time="Night" 	entitygroup="BurntAnimalsGameNight" 	spawnDeadChance="0" />
	</append>
	
	
	<!-- ################################## WASTELAND ###################################
	First, disable vanilla spawners ZombiesWasteland, ZombiesWastelandNight,  
	ZombiesWastelandDowntown, EnemyAnimalsWasteland, and EnemyAnimalsBurntForest by
	setting maxcount=0. Then, append custom spawners (starts with "Burnt") to allow 
	spawning of zombies specific only to this biome. Vanilla spawners are not deleted to
	prevent warning or errors by other	mods that still try to use those spawners.
	##################################################################################-->
	<!-- WASTELAND-->
	<set xpath="/spawning/biome[@name='wasteland']/spawn/@maxcount">0</set>
	<append xpath="/spawning/biome[@name='wasteland']">
		<spawn maxcount="3" respawndelay="0.50"	time="Day" 		entitygroup="WastelandZombiesDay"			notags="commercial,industrial,downtown" />
		<spawn maxcount="4" respawndelay="0.50"	time="Day" 		entitygroup="WastelandZombiesDayCity"		tags="commercial,industrial" notags="downtown" />
		<spawn maxcount="5" respawndelay="0.25"	time="Day" 		entitygroup="WastelandZombiesDayDowntown"	tags="downtown" />
		<spawn maxcount="1" respawndelay="1.00" time="Day" 		entitygroup="WastelandAnimalsAggroDay" 		spawnDeadChance="0" />
		<spawn maxcount="4" respawndelay="0.40" time="Night" 	entitygroup="WastelandZombiesNight"			notags="commercial,industrial,downtown" />
		<spawn maxcount="5" respawndelay="0.20" time="Night" 	entitygroup="WastelandZombiesNightCity"		tags="commercial,industrial" notags="downtown" />
		<spawn maxcount="6" respawndelay="0.08" time="Night" 	entitygroup="WastelandZombiesNightDowntown"	tags="downtown" />
		<spawn maxcount="1" respawndelay="0.75" time="Night" 	entitygroup="WastelandAnimalsAggroNight" 	spawnDeadChance="0" />
	</append>
	
	
</ErrorNull>