<?xml version="1.0" encoding="UTF-8"?>
<configs>
	<!-- Remove groups for rebuilding -->	
	<!-- <remove xpath="/groups/group/spawner[contains(@name, 'ZombieBusinessManGroup')]"></remove> -->
	<!-- End of removal -->	
	
	<!-- Groups -->
	<append xpath="/gamestages">
		<group name="zombieArleneGiant" emptyChance="0" decoyChance="0" decoy1hpChance="0">
			<spawner name="zombieArleneGiant" count="1"/>
		</group>
		<group name="zombieMarleneGiant" emptyChance="0" decoyChance="0" decoy1hpChance="0">
			<spawner name="zombieMarleneGiant" count="1"/>
		</group>
		<group name="zombiePartyGirlGiant" emptyChance="0" decoyChance="0" decoy1hpChance="0">
			<spawner name="zombiePartyGirlGiant" count="1"/>
		</group>
		<group name="zombieNurseGiant" emptyChance="0" decoyChance="0" decoy1hpChance="0">
			<spawner name="zombieNurseGiant" count="1"/>
		</group>
		<group name="zombieJoeGiant" emptyChance="0" decoyChance="0" decoy1hpChance="0">
			<spawner name="zombieJoeGiant" count="1"/>
		</group>
		<group name="zombieSteveGiant" emptyChance="0" decoyChance="0" decoy1hpChance="0">
			<spawner name="zombieSteveGiant" count="1"/>
		</group>
		<group name="zombieTomClarkGiant" emptyChance="0" decoyChance="0" decoy1hpChance="0">
			<spawner name="zombieTomClarkGiant" count="1"/>
		</group>
		<group name="zombieBusinessManGiant" emptyChance="0" decoyChance="0" decoy1hpChance="0">
			<spawner name="zombieBusinessManGiant" count="1"/>
		</group>
		<group name="zombieBurntGiant" emptyChance="0" decoyChance="0" decoy1hpChance="0">
			<spawner name="zombieBurntGiant" count="1"/>
		</group>
		<group name="zombieSpiderGiant" emptyChance="0" decoyChance="0" decoy1hpChance="0">
			<spawner name="zombieSpiderGiant" count="1"/>
		</group>
		<group name="zombieBoeGiant" emptyChance="0" decoyChance="0" decoy1hpChance="0">
			<spawner name="zombieBoeGiant" count="1"/>
		</group>
		<group name="zombieJanitorGiant" emptyChance="0" decoyChance="0" decoy1hpChance="0">
			<spawner name="zombieJanitorGiant" count="1"/>
		</group>
		<group name="zombieMoeGiant" emptyChance="0" decoyChance="0" decoy1hpChance="0">
			<spawner name="zombieMoeGiant" count="1"/>
		</group>
		<group name="zombieLabGiant" emptyChance="0" decoyChance="0" decoy1hpChance="0">
			<spawner name="zombieLabGiant" count="1"/>
		</group>
		<group name="zombieDarleneGiant" emptyChance="0" decoyChance="0" decoy1hpChance="0">
			<spawner name="zombieDarleneGiant" count="1"/>
		</group>
 		<group name="zombieYoGiant" emptyChance="0" decoyChance="0" decoy1hpChance="0">
			<spawner name="zombieYoGiant" count="1"/>
		</group>
		<group name="zombieUtilityWorkerGiant" emptyChance="0" decoyChance="0" decoy1hpChance="0">
			<spawner name="zombieUtilityWorkerGiant" count="1"/>
		</group>
		<group name="zombieLumberjackGiant" emptyChance="0" decoyChance="0" decoy1hpChance="0">
			<spawner name="zombieLumberjackGiant" count="1"/>
		</group>
		<group name="zombieFemaleFatGiant" emptyChance="0" decoyChance="0" decoy1hpChance="0">
			<spawner name="zombieFemaleFatGiant" count="1"/>
		</group>
		<group name="zombieFatHawaiianGiant" emptyChance="0" decoyChance="0" decoy1hpChance="0">
			<spawner name="zombieFatHawaiianGiant" count="1"/>
		</group>
		<group name="zombieMaleHazmatGiant" emptyChance="0" decoyChance="0" decoy1hpChance="0">
			<spawner name="zombieMaleHazmatGiant" count="1"/>
		</group>
		<group name="zombieFatCopGiant" emptyChance="0" decoyChance="0" decoy1hpChance="0">
			<spawner name="zombieFatCopGiant" count="1"/>
		</group>
		<group name="zombieSkateboarderGiant" emptyChance="0" decoyChance="0" decoy1hpChance="0">
			<spawner name="zombieSkateboarderGiant" count="1"/>
		</group>
		<group name="zombieSoldierGiant" emptyChance="0" decoyChance="0" decoy1hpChance="0">
			<spawner name="zombieSoldierGiant" count="1"/>
		</group>
		<group name="zombieWightGiantFeral" emptyChance="0" decoyChance="0" decoy1hpChance="0">
			<spawner name="zombieWightGiantFeral" count="1"/>
		</group>
		<group name="zombieScreamerGiant" emptyChance="0" decoyChance="0" decoy1hpChance="0">
			<spawner name="zombieScreamerGiant" count="1"/>
		</group>
		<group name="zombieMutatedGiant" emptyChance="0" decoyChance="0" decoy1hpChance="0">
			<spawner name="zombieMutatedGiant" count="1"/>
		</group>
		<group name="zombieDemolitionGiant" emptyChance="0" decoyChance="0" decoy1hpChance="0">
			<spawner name="zombieDemolitionGiant" count="1"/>
		</group>
		<group name="enFarmerGiant" emptyChance="0" decoyChance="0" decoy1hpChance="0">
			<spawner name="enFarmerGiant" count="1"/>
		</group>
		<group name="enPunkGiant" emptyChance="0" decoyChance="0" decoy1hpChance="0">
			<spawner name="enPunkGiant" count="1"/>
		</group>
		<group name="SoldierGiant" emptyChance="0" decoyChance="0" decoy1hpChance="0">
			<spawner name="SoldierGiant" count="1"/>
		</group>
		<group name="enSwatGiant" emptyChance="0" decoyChance="0" decoy1hpChance="0">
			<spawner name="enSwatGiant" count="1"/>
		</group>
		<group name="enUtilityGiant" emptyChance="0" decoyChance="0" decoy1hpChance="0">
			<spawner name="enUtilityGiant" count="1"/>
		</group>		
<!--		<group name="enMinerGiant" emptyChance="0" decoyChance="0" decoy1hpChance="0">
			<spawner name="enMinerGiant" count="1"/>
		</group>-->
		<group name="enBikerGiant" emptyChance="0" decoyChance="0" decoy1hpChance="0">
			<spawner name="enBikerGiant" count="1"/>
		</group>
		<group name="enLumberjackGiant" emptyChance="0" decoyChance="0" decoy1hpChance="0">
			<spawner name="enLumberjackGiant" count="1"/>
		</group> 
		<group name="zombieMiniBomber" emptyChance="0" decoyChance="0" decoy1hpChance="0">
			<spawner name="zombieMiniBomber" count="1"/>
		</group>
		<!-- Individual Zombie Spawners -->
		<spawner name="zombieArleneGiant">
			<gamestage stage="1">
				<spawn group="zombieArleneGiant" num="1" maxAlive="1" duration="10"/>
			</gamestage>
		</spawner>
		<spawner name="zombieMarleneGiant">
			<gamestage stage="1">
				<spawn group="zombieMarleneGiant" num="1" maxAlive="1" duration="10"/>
			</gamestage>
		</spawner>
		<spawner name="zombiePartyGirlGiant">
			<gamestage stage="1">
				<spawn group="zombiePartyGirlGiant" num="1" maxAlive="1" duration="10"/>
			</gamestage>
		</spawner>
		<spawner name="zombieNurseGiant">
			<gamestage stage="1">
				<spawn group="zombieNurseGiant" num="1" maxAlive="1" duration="10"/>
			</gamestage>
		</spawner>
		<spawner name="zombieJoeGiant">
			<gamestage stage="1">
				<spawn group="zombieJoeGiant" num="1" maxAlive="1" duration="10"/>
			</gamestage>
		</spawner>
		<spawner name="zombieSteveGiant">
			<gamestage stage="1">
				<spawn group="zombieSteveGiant" num="1" maxAlive="1" duration="10"/>
			</gamestage>
		</spawner>
		<spawner name="zombieTomClarkGiant">
			<gamestage stage="1">
				<spawn group="zombieTomClarkGiant" num="1" maxAlive="1" duration="10"/>
			</gamestage>
		</spawner>
		<spawner name="zombieBusinessManGiant">
			<gamestage stage="1">
				<spawn group="zombieBusinessManGiant" num="1" maxAlive="1" duration="10"/>
			</gamestage>
		</spawner>
		<spawner name="zombieBurntGiant">
			<gamestage stage="1">
				<spawn group="zombieBurntGiant" num="1" maxAlive="1" duration="10"/>
			</gamestage>
		</spawner>
		<spawner name="zombieSpiderGiant">
			<gamestage stage="1">
				<spawn group="zombieSpiderGiant" num="1" maxAlive="1" duration="10"/>
			</gamestage>
		</spawner>
		<spawner name="zombieBoeGiant">
			<gamestage stage="1">
				<spawn group="zombieBoeGiant" num="1" maxAlive="1" duration="10"/>
			</gamestage>
		</spawner>
		<spawner name="zombieJanitorGiant">
			<gamestage stage="1">
				<spawn group="zombieJanitorGiant" num="1" maxAlive="1" duration="10"/>
			</gamestage>
		</spawner>
		<spawner name="zombieMoeGiant">
			<gamestage stage="1">
				<spawn group="zombieMoeGiant" num="1" maxAlive="1" duration="10"/>
			</gamestage>
		</spawner>
		<spawner name="zombieLabGiant">
			<gamestage stage="1">
				<spawn group="zombieLabGiant" num="1" maxAlive="1" duration="10"/>
			</gamestage>
		</spawner>
		<spawner name="zombieDarleneGiant">
			<gamestage stage="1">
				<spawn group="zombieDarleneGiant" num="1" maxAlive="1" duration="10"/>
			</gamestage>
		</spawner>
		<spawner name="zombieYoGiant">
			<gamestage stage="1">
				<spawn group="zombieYoGiant" num="1" maxAlive="1" duration="10"/>
			</gamestage>
		</spawner>
		<spawner name="zombieUtilityWorkerGiant">
			<gamestage stage="1">
				<spawn group="zombieUtilityWorkerGiant" num="1" maxAlive="1" duration="10"/>
			</gamestage>
		</spawner>
		<spawner name="zombieLumberjackGiant">
			<gamestage stage="1">
				<spawn group="zombieLumberjackGiant" num="1" maxAlive="1" duration="10"/>
			</gamestage>
		</spawner>
		<spawner name="zombieFemaleFatGiant">
			<gamestage stage="1">
				<spawn group="zombieFemaleFatGiant" num="1" maxAlive="1" duration="10"/>
			</gamestage>
		</spawner>
		<spawner name="zombieFatHawaiianGiant">
			<gamestage stage="1">
				<spawn group="zombieFatHawaiianGiant" num="1" maxAlive="1" duration="10"/>
			</gamestage>
		</spawner>
		<spawner name="zombieMaleHazmatGiant">
			<gamestage stage="1">
				<spawn group="zombieMaleHazmatGiant" num="1" maxAlive="1" duration="10"/>
			</gamestage>
		</spawner>
		<spawner name="zombieFatCopGiant">
			<gamestage stage="1">
				<spawn group="zombieFatCopGiant" num="1" maxAlive="1" duration="10"/>
			</gamestage>
		</spawner>
		<spawner name="zombieSkateboarderGiant">
			<gamestage stage="1">
				<spawn group="zombieSkateboarderGiant" num="1" maxAlive="1" duration="10"/>
			</gamestage>
		</spawner>
		<spawner name="zombieSoldierGiant">
			<gamestage stage="1">
				<spawn group="zombieSoldierGiant" num="1" maxAlive="1" duration="10"/>
			</gamestage>
		</spawner>
		<spawner name="zombieWightGiantFeral">
			<gamestage stage="1">
				<spawn group="zombieWightGiantFeral" num="1" maxAlive="1" duration="10"/>
			</gamestage>
		</spawner>
		<spawner name="zombieScreamerGiant">
			<gamestage stage="1">
				<spawn group="zombieScreamerGiant" num="1" maxAlive="1" duration="10"/>
			</gamestage>
		</spawner>
		<spawner name="zombieMutatedGiant">
			<gamestage stage="1">
				<spawn group="zombieMutatedGiant" num="1" maxAlive="1" duration="10"/>
			</gamestage>
		</spawner>
		<spawner name="zombieDemolitionGiant">
			<gamestage stage="1">
				<spawn group="zombieDemolitionGiant" num="1" maxAlive="1" duration="10"/>
			</gamestage>
		</spawner>
		<spawner name="enFarmerGiant">
			<gamestage stage="1">
				<spawn group="enFarmerGiant" num="1" maxAlive="1" duration="10"/>
			</gamestage>
		</spawner>
		<spawner name="enPunkGiant">
			<gamestage stage="1">
				<spawn group="enPunkGiant" num="1" maxAlive="1" duration="10"/>
			</gamestage>
		</spawner>
		<spawner name="SoldierGiant">
			<gamestage stage="1">
				<spawn group="SoldierGiant" num="1" maxAlive="1" duration="10"/>
			</gamestage>
		</spawner>
		<spawner name="enSwatGiant">
			<gamestage stage="1">
				<spawn group="enSwatGiant" num="1" maxAlive="1" duration="10"/>
			</gamestage>
		</spawner>
		<spawner name="enUtilityGiant">
			<gamestage stage="1">
				<spawn group="enUtilityGiant" num="1" maxAlive="1" duration="10"/>
			</gamestage>
		</spawner>
		<spawner name="enBikerGiant">
			<gamestage stage="1">
				<spawn group="enBikerGiant" num="1" maxAlive="1" duration="10"/>
			</gamestage>
		</spawner>
		<spawner name="enLumberjackGiant">
			<gamestage stage="1">
				<spawn group="enLumberjackGiant" num="1" maxAlive="1" duration="10"/>
			</gamestage>
		</spawner>
		<spawner name="zombieBanshee">
			<gamestage stage="1">
				<spawn group="zombieBanshee" num="1" maxAlive="1" duration="10"/>
			</gamestage>
		</spawner>
		<spawner name="zombieMotorhead">
			<gamestage stage="1">
				<spawn group="zombieMotorhead" num="1" maxAlive="1" duration="10"/>
			</gamestage>
		</spawner>
		<spawner name="zombiePsycho">
			<gamestage stage="1">
				<spawn group="zombiePsycho" num="1" maxAlive="1" duration="10"/>
			</gamestage>
		</spawner>
		<spawner name="zombieScorcher">
			<gamestage stage="1">
				<spawn group="zombieScorcher" num="1" maxAlive="1" duration="10"/>
			</gamestage>
		</spawner>
		<spawner name="ZombieUndertaker">
			<gamestage stage="1">
				<spawn group="ZombieUndertaker" num="1" maxAlive="1" duration="10"/>
			</gamestage>
		</spawner>
		<spawner name="ZombieBomber">
			<gamestage stage="1">
				<spawn group="ZombieBomber" num="1" maxAlive="1" duration="10"/>
			</gamestage>
		</spawner>
		<spawner name="zombieMiniBomber">
			<gamestage stage="1">
				<spawn group="zombieMiniBomber" num="1" maxAlive="1" duration="10"/>
			</gamestage>
		</spawner>
		<spawner name="ZombieJuggernaut">
			<gamestage stage="1">
				<spawn group="ZombieJuggernaut" num="1" maxAlive="1" duration="10"/>
			</gamestage>
		</spawner>
		<spawner name="zombieCowhead">
			<gamestage stage="1">
				<spawn group="zombieCowhead" num="1" maxAlive="1" duration="10"/>
			</gamestage>
		</spawner>
		<spawner name="MotherClucker">
			<gamestage stage="1">
				<spawn group="MotherClucker" num="1" maxAlive="1" duration="10"/>
			</gamestage>
		</spawner>
		
	</append>
	
	<!-- Increase max alive for increased wondering horde sizes -->
	<set xpath="/gamestages/spawner[@name='WanderingHorde']/gamestage/spawn/@maxAlive">100</set>	
	<!-- Increase wondering horde sizes -->
	<set xpath="/gamestages/spawner[@name='WanderingHorde']/gamestage[@stage='01']/spawn/@num">20</set>	
	<set xpath="/gamestages/spawner[@name='WanderingHorde']/gamestage[@stage='02']/spawn/@num">20</set>	
	<set xpath="/gamestages/spawner[@name='WanderingHorde']/gamestage[@stage='03']/spawn/@num">10</set>	
	<set xpath="/gamestages/spawner[@name='WanderingHorde']/gamestage[@stage='04']/spawn/@num">20</set>	
	<set xpath="/gamestages/spawner[@name='WanderingHorde']/gamestage[@stage='05']/spawn/@num">10</set>	
	<set xpath="/gamestages/spawner[@name='WanderingHorde']/gamestage[@stage='06']/spawn/@num">20</set>	
	<set xpath="/gamestages/spawner[@name='WanderingHorde']/gamestage[@stage='07']/spawn/@num">20</set>	
	<set xpath="/gamestages/spawner[@name='WanderingHorde']/gamestage[@stage='08']/spawn/@num">10</set>	
	<set xpath="/gamestages/spawner[@name='WanderingHorde']/gamestage[@stage='09']/spawn/@num">20</set>	
	<set xpath="/gamestages/spawner[@name='WanderingHorde']/gamestage[@stage='10']/spawn/@num">10</set>	
	<set xpath="/gamestages/spawner[@name='WanderingHorde']/gamestage[@stage='11']/spawn/@num">20</set>	
	<set xpath="/gamestages/spawner[@name='WanderingHorde']/gamestage[@stage='12']/spawn/@num">8</set>	
	<set xpath="/gamestages/spawner[@name='WanderingHorde']/gamestage[@stage='13']/spawn/@num">20</set>	
	<set xpath="/gamestages/spawner[@name='WanderingHorde']/gamestage[@stage='14']/spawn/@num">20</set>	
	<set xpath="/gamestages/spawner[@name='WanderingHorde']/gamestage[@stage='15']/spawn/@num">20</set>	
	<set xpath="/gamestages/spawner[@name='WanderingHorde']/gamestage[@stage='16']/spawn/@num">20</set>	
	<set xpath="/gamestages/spawner[@name='WanderingHorde']/gamestage[@stage='17']/spawn/@num">20</set>	
	<set xpath="/gamestages/spawner[@name='WanderingHorde']/gamestage[@stage='18']/spawn/@num">20</set>
	<set xpath="/gamestages/spawner[@name='WanderingHorde']/gamestage[@stage='19']/spawn/@num">20</set>	
	<set xpath="/gamestages/spawner[@name='WanderingHorde']/gamestage[@stage='20']/spawn/@num">14</set>	 	
	<set xpath="/gamestages/spawner[@name='WanderingHorde']/gamestage[@stage='21']/spawn/@num">20</set>
	<set xpath="/gamestages/spawner[@name='WanderingHorde']/gamestage[@stage='22']/spawn/@num">20</set>
	<set xpath="/gamestages/spawner[@name='WanderingHorde']/gamestage[@stage='23']/spawn/@num">20</set>
	<set xpath="/gamestages/spawner[@name='WanderingHorde']/gamestage[@stage='24']/spawn/@num">20</set>
	<set xpath="/gamestages/spawner[@name='WanderingHorde']/gamestage[@stage='25']/spawn/@num">20</set>
	<set xpath="/gamestages/spawner[@name='WanderingHorde']/gamestage[@stage='26']/spawn/@num">20</set>
	<set xpath="/gamestages/spawner[@name='WanderingHorde']/gamestage[@stage='27']/spawn/@num">20</set>
	<set xpath="/gamestages/spawner[@name='WanderingHorde']/gamestage[@stage='28']/spawn/@num">20</set>
	<set xpath="/gamestages/spawner[@name='WanderingHorde']/gamestage[@stage='29']/spawn/@num">20</set>
	<set xpath="/gamestages/spawner[@name='WanderingHorde']/gamestage[@stage='30']/spawn/@num">16</set>
	<set xpath="/gamestages/spawner[@name='WanderingHorde']/gamestage[@stage='31']/spawn/@num">20</set>
	<set xpath="/gamestages/spawner[@name='WanderingHorde']/gamestage[@stage='32']/spawn/@num">20</set>
	<set xpath="/gamestages/spawner[@name='WanderingHorde']/gamestage[@stage='33']/spawn/@num">20</set>
	<set xpath="/gamestages/spawner[@name='WanderingHorde']/gamestage[@stage='34']/spawn/@num">20</set>
	<set xpath="/gamestages/spawner[@name='WanderingHorde']/gamestage[@stage='35']/spawn/@num">20</set>
	<set xpath="/gamestages/spawner[@name='WanderingHorde']/gamestage[@stage='36']/spawn/@num">10</set>
	<set xpath="/gamestages/spawner[@name='WanderingHorde']/gamestage[@stage='37']/spawn/@num">20</set>
	<set xpath="/gamestages/spawner[@name='WanderingHorde']/gamestage[@stage='38']/spawn/@num">20</set>
	<set xpath="/gamestages/spawner[@name='WanderingHorde']/gamestage[@stage='39']/spawn/@num">20</set>
	<set xpath="/gamestages/spawner[@name='WanderingHorde']/gamestage[@stage='40']/spawn/@num">18</set>
	<set xpath="/gamestages/spawner[@name='WanderingHorde']/gamestage[@stage='41']/spawn/@num">12</set>
	<set xpath="/gamestages/spawner[@name='WanderingHorde']/gamestage[@stage='42']/spawn/@num">20</set>
	<set xpath="/gamestages/spawner[@name='WanderingHorde']/gamestage[@stage='43']/spawn/@num">10</set>
	<set xpath="/gamestages/spawner[@name='WanderingHorde']/gamestage[@stage='44']/spawn/@num">20</set>
	<set xpath="/gamestages/spawner[@name='WanderingHorde']/gamestage[@stage='45']/spawn/@num">20</set>
	<set xpath="/gamestages/spawner[@name='WanderingHorde']/gamestage[@stage='46']/spawn/@num">20</set>
	<set xpath="/gamestages/spawner[@name='WanderingHorde']/gamestage[@stage='47']/spawn/@num">20</set>
	<set xpath="/gamestages/spawner[@name='WanderingHorde']/gamestage[@stage='48']/spawn/@num">20</set>
	<set xpath="/gamestages/spawner[@name='WanderingHorde']/gamestage[@stage='49']/spawn/@num">20</set>
	<set xpath="/gamestages/spawner[@name='WanderingHorde']/gamestage[@stage='50']/spawn/@num">20</set>
	
	<!-- Change wondering hordes for some game stages to bombers -->
	<set xpath="/gamestages/spawner[@name='WanderingHorde']/gamestage[@stage='10']/spawn/@group">wanderingHordeStageGS10</set>	
	<set xpath="/gamestages/spawner[@name='WanderingHorde']/gamestage[@stage='20']/spawn/@group">wanderingHordeStageGS20</set>		
	<set xpath="/gamestages/spawner[@name='WanderingHorde']/gamestage[@stage='30']/spawn/@group">wanderingHordeStageGS30</set>	
	<set xpath="/gamestages/spawner[@name='WanderingHorde']/gamestage[@stage='40']/spawn/@group">wanderingHordeStageGS40</set>	
	<set xpath="/gamestages/spawner[@name='WanderingHorde']/gamestage[@stage='50']/spawn/@group">wanderingHordeStageGS50</set>
		
	<!-- Increase max alive for generated screamer / scout horde -->
	<set xpath="/gamestages/spawner[@name='ScoutGSList']/gamestage/spawn/@maxAlive">100</set>
	
	<!-- Increase generated screamer / scout horde sizes -->
	<set xpath="/gamestages/spawner[@name='ScoutGSList']/gamestage[@stage='1']/spawn/@num">5</set>	
	<set xpath="/gamestages/spawner[@name='ScoutGSList']/gamestage[@stage='2']/spawn/@num">5</set>	
	<set xpath="/gamestages/spawner[@name='ScoutGSList']/gamestage[@stage='5']/spawn/@num">12</set>	
	<set xpath="/gamestages/spawner[@name='ScoutGSList']/gamestage[@stage='8']/spawn/@num">15</set>
	
	<set xpath="/gamestages/spawner[@name='ScoutGSList']/gamestage[@stage='11']/spawn/@num">20</set>
	<set xpath="/gamestages/spawner[@name='ScoutGSList']/gamestage[@stage='14']/spawn/@num">25</set>
	<set xpath="/gamestages/spawner[@name='ScoutGSList']/gamestage[@stage='18']/spawn/@num">30</set>
	<set xpath="/gamestages/spawner[@name='ScoutGSList']/gamestage[@stage='22']/spawn/@num">35</set>
	<set xpath="/gamestages/spawner[@name='ScoutGSList']/gamestage[@stage='27']/spawn/@num">40</set>
	<set xpath="/gamestages/spawner[@name='ScoutGSList']/gamestage[@stage='31']/spawn/@num">45</set>
	<set xpath="/gamestages/spawner[@name='ScoutGSList']/gamestage[@stage='36']/spawn/@num">50</set>
	<set xpath="/gamestages/spawner[@name='ScoutGSList']/gamestage[@stage='41']/spawn/@num">55</set>
	<set xpath="/gamestages/spawner[@name='ScoutGSList']/gamestage[@stage='46']/spawn/@num">60</set>
	<set xpath="/gamestages/spawner[@name='ScoutGSList']/gamestage[@stage='52']/spawn/@num">64</set>
	<set xpath="/gamestages/spawner[@name='ScoutGSList']/gamestage[@stage='58']/spawn/@num">68</set>
	<set xpath="/gamestages/spawner[@name='ScoutGSList']/gamestage[@stage='64']/spawn/@num">72</set>
	<set xpath="/gamestages/spawner[@name='ScoutGSList']/gamestage[@stage='70']/spawn/@num">76</set>
	<set xpath="/gamestages/spawner[@name='ScoutGSList']/gamestage[@stage='76']/spawn/@num">80</set>
	<set xpath="/gamestages/spawner[@name='ScoutGSList']/gamestage[@stage='82']/spawn/@num">84</set>
	<set xpath="/gamestages/spawner[@name='ScoutGSList']/gamestage[@stage='89']/spawn/@num">88</set>
	<set xpath="/gamestages/spawner[@name='ScoutGSList']/gamestage[@stage='96']/spawn/@num">92</set>
	<set xpath="/gamestages/spawner[@name='ScoutGSList']/gamestage[@stage='103']/spawn/@num">96</set>
	<set xpath="/gamestages/spawner[@name='ScoutGSList']/gamestage[@stage='110']/spawn/@num">100</set>
	<set xpath="/gamestages/spawner[@name='ScoutGSList']/gamestage[@stage='117']/spawn/@num">104</set>
	<set xpath="/gamestages/spawner[@name='ScoutGSList']/gamestage[@stage='125']/spawn/@num">108</set>
	<set xpath="/gamestages/spawner[@name='ScoutGSList']/gamestage[@stage='132']/spawn/@num">112</set>
	<set xpath="/gamestages/spawner[@name='ScoutGSList']/gamestage[@stage='140']/spawn/@num">116</set>
	<set xpath="/gamestages/spawner[@name='ScoutGSList']/gamestage[@stage='148']/spawn/@num">120</set>
	<set xpath="/gamestages/spawner[@name='ScoutGSList']/gamestage[@stage='156']/spawn/@num">124</set>
	<set xpath="/gamestages/spawner[@name='ScoutGSList']/gamestage[@stage='164']/spawn/@num">128</set>
	<set xpath="/gamestages/spawner[@name='ScoutGSList']/gamestage[@stage='172']/spawn/@num">132</set>
	<set xpath="/gamestages/spawner[@name='ScoutGSList']/gamestage[@stage='181']/spawn/@num">136</set>
	<set xpath="/gamestages/spawner[@name='ScoutGSList']/gamestage[@stage='189']/spawn/@num">140</set>
	<set xpath="/gamestages/spawner[@name='ScoutGSList']/gamestage[@stage='198']/spawn/@num">144</set>
	<set xpath="/gamestages/spawner[@name='ScoutGSList']/gamestage[@stage='207']/spawn/@num">148</set>
	<set xpath="/gamestages/spawner[@name='ScoutGSList']/gamestage[@stage='216']/spawn/@num">152</set>
	<set xpath="/gamestages/spawner[@name='ScoutGSList']/gamestage[@stage='225']/spawn/@num">156</set>
	<set xpath="/gamestages/spawner[@name='ScoutGSList']/gamestage[@stage='234']/spawn/@num">160</set>
	<set xpath="/gamestages/spawner[@name='ScoutGSList']/gamestage[@stage='243']/spawn/@num">164</set>
	<set xpath="/gamestages/spawner[@name='ScoutGSList']/gamestage[@stage='252']/spawn/@num">168</set>
	<set xpath="/gamestages/spawner[@name='ScoutGSList']/gamestage[@stage='262']/spawn/@num">172</set>
	<set xpath="/gamestages/spawner[@name='ScoutGSList']/gamestage[@stage='272']/spawn/@num">176</set>
	<set xpath="/gamestages/spawner[@name='ScoutGSList']/gamestage[@stage='281']/spawn/@num">180</set>
	<set xpath="/gamestages/spawner[@name='ScoutGSList']/gamestage[@stage='291']/spawn/@num">184</set>
	<set xpath="/gamestages/spawner[@name='ScoutGSList']/gamestage[@stage='301']/spawn/@num">188</set>
	<set xpath="/gamestages/spawner[@name='ScoutGSList']/gamestage[@stage='311']/spawn/@num">192</set>
	<set xpath="/gamestages/spawner[@name='ScoutGSList']/gamestage[@stage='322']/spawn/@num">196</set>
	<set xpath="/gamestages/spawner[@name='ScoutGSList']/gamestage[@stage='332']/spawn/@num">200</set>
	<set xpath="/gamestages/spawner[@name='ScoutGSList']/gamestage[@stage='343']/spawn/@num">204</set>
	<set xpath="/gamestages/spawner[@name='ScoutGSList']/gamestage[@stage='353']/spawn/@num">208</set>
	<set xpath="/gamestages/spawner[@name='ScoutGSList']/gamestage[@stage='364']/spawn/@num">212</set>
	<set xpath="/gamestages/spawner[@name='ScoutGSList']/gamestage[@stage='374']/spawn/@num">216</set>
	<set xpath="/gamestages/spawner[@name='ScoutGSList']/gamestage[@stage='385']/spawn/@num">220</set>
	<set xpath="/gamestages/spawner[@name='ScoutGSList']/gamestage[@stage='396']/spawn/@num">224</set>
	<set xpath="/gamestages/spawner[@name='ScoutGSList']/gamestage[@stage='407']/spawn/@num">228</set>
	<set xpath="/gamestages/spawner[@name='ScoutGSList']/gamestage[@stage='419']/spawn/@num">232</set>
	<set xpath="/gamestages/spawner[@name='ScoutGSList']/gamestage[@stage='430']/spawn/@num">236</set>
	<set xpath="/gamestages/spawner[@name='ScoutGSList']/gamestage[@stage='441']/spawn/@num">240</set>
	<set xpath="/gamestages/spawner[@name='ScoutGSList']/gamestage[@stage='453']/spawn/@num">244</set>
	<set xpath="/gamestages/spawner[@name='ScoutGSList']/gamestage[@stage='464']/spawn/@num">248</set>
	<set xpath="/gamestages/spawner[@name='ScoutGSList']/gamestage[@stage='476']/spawn/@num">252</set>
	<set xpath="/gamestages/spawner[@name='ScoutGSList']/gamestage[@stage='488']/spawn/@num">256</set>
	<set xpath="/gamestages/spawner[@name='ScoutGSList']/gamestage[@stage='500']/spawn/@num">256</set>
	<set xpath="/gamestages/spawner[@name='ScoutGSList']/gamestage[@stage='512']/spawn/@num">256</set>
	<set xpath="/gamestages/spawner[@name='ScoutGSList']/gamestage[@stage='524']/spawn/@num">256</set>
	<set xpath="/gamestages/spawner[@name='ScoutGSList']/gamestage[@stage='536']/spawn/@num">256</set>
	<set xpath="/gamestages/spawner[@name='ScoutGSList']/gamestage[@stage='548']/spawn/@num">256</set>
	<set xpath="/gamestages/spawner[@name='ScoutGSList']/gamestage[@stage='560']/spawn/@num">256</set>
	<set xpath="/gamestages/spawner[@name='ScoutGSList']/gamestage[@stage='573']/spawn/@num">256</set>
	<set xpath="/gamestages/spawner[@name='ScoutGSList']/gamestage[@stage='585']/spawn/@num">256</set>
	<set xpath="/gamestages/spawner[@name='ScoutGSList']/gamestage[@stage='598']/spawn/@num">256</set>
	<set xpath="/gamestages/spawner[@name='ScoutGSList']/gamestage[@stage='610']/spawn/@num">256</set>
	<set xpath="/gamestages/spawner[@name='ScoutGSList']/gamestage[@stage='623']/spawn/@num">256</set>
	<set xpath="/gamestages/spawner[@name='ScoutGSList']/gamestage[@stage='636']/spawn/@num">256</set>
	<set xpath="/gamestages/spawner[@name='ScoutGSList']/gamestage[@stage='649']/spawn/@num">256</set>
	<set xpath="/gamestages/spawner[@name='ScoutGSList']/gamestage[@stage='662']/spawn/@num">256</set>
	<set xpath="/gamestages/spawner[@name='ScoutGSList']/gamestage[@stage='675']/spawn/@num">256</set>
	<set xpath="/gamestages/spawner[@name='ScoutGSList']/gamestage[@stage='688']/spawn/@num">256</set>
	<set xpath="/gamestages/spawner[@name='ScoutGSList']/gamestage[@stage='702']/spawn/@num">256</set>
	<set xpath="/gamestages/spawner[@name='ScoutGSList']/gamestage[@stage='715']/spawn/@num">256</set>
	<set xpath="/gamestages/spawner[@name='ScoutGSList']/gamestage[@stage='729']/spawn/@num">256</set>
	<set xpath="/gamestages/spawner[@name='ScoutGSList']/gamestage[@stage='742']/spawn/@num">256</set>
	<set xpath="/gamestages/spawner[@name='ScoutGSList']/gamestage[@stage='756']/spawn/@num">256</set>
	<set xpath="/gamestages/spawner[@name='ScoutGSList']/gamestage[@stage='769']/spawn/@num">256</set>
	<set xpath="/gamestages/spawner[@name='ScoutGSList']/gamestage[@stage='783']/spawn/@num">256</set>
	<set xpath="/gamestages/spawner[@name='ScoutGSList']/gamestage[@stage='797']/spawn/@num">256</set>
	<set xpath="/gamestages/spawner[@name='ScoutGSList']/gamestage[@stage='811']/spawn/@num">256</set>
	<set xpath="/gamestages/spawner[@name='ScoutGSList']/gamestage[@stage='825']/spawn/@num">256</set>
	<set xpath="/gamestages/spawner[@name='ScoutGSList']/gamestage[@stage='839']/spawn/@num">256</set>
	<set xpath="/gamestages/spawner[@name='ScoutGSList']/gamestage[@stage='853']/spawn/@num">256</set>
	<set xpath="/gamestages/spawner[@name='ScoutGSList']/gamestage[@stage='868']/spawn/@num">256</set>
	<set xpath="/gamestages/spawner[@name='ScoutGSList']/gamestage[@stage='882']/spawn/@num">256</set>
	<set xpath="/gamestages/spawner[@name='ScoutGSList']/gamestage[@stage='896']/spawn/@num">256</set>
	<set xpath="/gamestages/spawner[@name='ScoutGSList']/gamestage[@stage='911']/spawn/@num">256</set>
	<set xpath="/gamestages/spawner[@name='ScoutGSList']/gamestage[@stage='925']/spawn/@num">256</set>
	<set xpath="/gamestages/spawner[@name='ScoutGSList']/gamestage[@stage='940']/spawn/@num">256</set>
	<set xpath="/gamestages/spawner[@name='ScoutGSList']/gamestage[@stage='955']/spawn/@num">256</set>
	<set xpath="/gamestages/spawner[@name='ScoutGSList']/gamestage[@stage='970']/spawn/@num">256</set>
	<set xpath="/gamestages/spawner[@name='ScoutGSList']/gamestage[@stage='985']/spawn/@num">256</set>
	<set xpath="/gamestages/spawner[@name='ScoutGSList']/gamestage[@stage='1000']/spawn/@num">256</set>
	<set xpath="/gamestages/spawner[@name='ScoutGSList']/gamestage[@stage='1015']/spawn/@num">260</set>
	<set xpath="/gamestages/spawner[@name='ScoutGSList']/gamestage[@stage='1030']/spawn/@num">264</set>
	<set xpath="/gamestages/spawner[@name='ScoutGSList']/gamestage[@stage='1045']/spawn/@num">268</set>
	<set xpath="/gamestages/spawner[@name='ScoutGSList']/gamestage[@stage='1060']/spawn/@num">272</set>
	<set xpath="/gamestages/spawner[@name='ScoutGSList']/gamestage[@stage='1075']/spawn/@num">276</set>
	<set xpath="/gamestages/spawner[@name='ScoutGSList']/gamestage[@stage='1091']/spawn/@num">280</set>
	<set xpath="/gamestages/spawner[@name='ScoutGSList']/gamestage[@stage='1106']/spawn/@num">284</set>
	<set xpath="/gamestages/spawner[@name='ScoutGSList']/gamestage[@stage='1122']/spawn/@num">286</set>
	<set xpath="/gamestages/spawner[@name='ScoutGSList']/gamestage[@stage='1137']/spawn/@num">290</set>
	<set xpath="/gamestages/spawner[@name='ScoutGSList']/gamestage[@stage='1153']/spawn/@num">292</set>
	<set xpath="/gamestages/spawner[@name='ScoutGSList']/gamestage[@stage='1169']/spawn/@num">296</set>
	<set xpath="/gamestages/spawner[@name='ScoutGSList']/gamestage[@stage='1185']/spawn/@num">300</set>
	<set xpath="/gamestages/spawner[@name='ScoutGSList']/gamestage[@stage='1201']/spawn/@num">300</set>
	<set xpath="/gamestages/spawner[@name='ScoutGSList']/gamestage[@stage='1217']/spawn/@num">300</set>
	<set xpath="/gamestages/spawner[@name='ScoutGSList']/gamestage[@stage='1233']/spawn/@num">300</set>
	<set xpath="/gamestages/spawner[@name='ScoutGSList']/gamestage[@stage='1249']/spawn/@num">300</set>
	<set xpath="/gamestages/spawner[@name='ScoutGSList']/gamestage[@stage='1265']/spawn/@num">300</set>
	<set xpath="/gamestages/spawner[@name='ScoutGSList']/gamestage[@stage='1281']/spawn/@num">300</set>
	<set xpath="/gamestages/spawner[@name='ScoutGSList']/gamestage[@stage='1298']/spawn/@num">300</set>
	<set xpath="/gamestages/spawner[@name='ScoutGSList']/gamestage[@stage='1314']/spawn/@num">300</set>
	<set xpath="/gamestages/spawner[@name='ScoutGSList']/gamestage[@stage='1331']/spawn/@num">300</set>
	<set xpath="/gamestages/spawner[@name='ScoutGSList']/gamestage[@stage='1347']/spawn/@num">300</set>
	<set xpath="/gamestages/spawner[@name='ScoutGSList']/gamestage[@stage='1364']/spawn/@num">300</set>
	<set xpath="/gamestages/spawner[@name='ScoutGSList']/gamestage[@stage='1380']/spawn/@num">300</set>
	<set xpath="/gamestages/spawner[@name='ScoutGSList']/gamestage[@stage='1397']/spawn/@num">300</set>
	<set xpath="/gamestages/spawner[@name='ScoutGSList']/gamestage[@stage='1414']/spawn/@num">300</set>
<!--
		// Starting spawn stage is in this first entry.
		// It will spawn up to 300 zombies, but only 8 can be alive at any one time due to performance reasons.
		// Zombies will be spawned from the ZombiesNight spawn group defined in entitygroups.xml
		// (Optional) The duration of this stage is 1 game hour, after that game hour the next spawn will start OR the spawning will complete
		// if there are no more spawns.
		// (Optional) Interval is a delay in seconds between the end of a spawn group and the next one
		// If we have a use for it this could also trigger a stinger sound.

		<spawn group="ZombiesNight" num="300" maxAlive ="8" duration="1" interval="60"/>

		// After 300 zombies have been killed this defines a kind of "station keeping" mode
		// where there will be one zombie sent to harass the players until sunrise.
-->

	<!-- Remove GS 1-372 for reworks during BloodMoon / feral sizes -->
	<remove xpath="/gamestages/spawner/gamestage[@stage='1']"></remove>
	<remove xpath="/gamestages/spawner/gamestage[@stage='2']"></remove>
	<remove xpath="/gamestages/spawner/gamestage[@stage='4']"></remove>
	<remove xpath="/gamestages/spawner/gamestage[@stage='7']"></remove>
	<remove xpath="/gamestages/spawner/gamestage[@stage='10']"></remove>
	<remove xpath="/gamestages/spawner/gamestage[@stage='13']"></remove>
	<remove xpath="/gamestages/spawner/gamestage[@stage='16']"></remove>
	<remove xpath="/gamestages/spawner/gamestage[@stage='19']"></remove>
	<remove xpath="/gamestages/spawner/gamestage[@stage='23']"></remove>
	<remove xpath="/gamestages/spawner/gamestage[@stage='27']"></remove>
	<remove xpath="/gamestages/spawner/gamestage[@stage='31']"></remove>
	<remove xpath="/gamestages/spawner/gamestage[@stage='35']"></remove>
	<remove xpath="/gamestages/spawner/gamestage[@stage='40']"></remove>
	<remove xpath="/gamestages/spawner/gamestage[@stage='44']"></remove>
	<remove xpath="/gamestages/spawner/gamestage[@stage='49']"></remove>
	<remove xpath="/gamestages/spawner/gamestage[@stage='54']"></remove>
	<remove xpath="/gamestages/spawner/gamestage[@stage='59']"></remove>
	<remove xpath="/gamestages/spawner/gamestage[@stage='64']"></remove>
	<remove xpath="/gamestages/spawner/gamestage[@stage='69']"></remove>
	<remove xpath="/gamestages/spawner/gamestage[@stage='74']"></remove>
	<remove xpath="/gamestages/spawner/gamestage[@stage='80']"></remove>
	<remove xpath="/gamestages/spawner/gamestage[@stage='85']"></remove>
	<remove xpath="/gamestages/spawner/gamestage[@stage='91']"></remove>
	<remove xpath="/gamestages/spawner/gamestage[@stage='97']"></remove>
	<remove xpath="/gamestages/spawner/gamestage[@stage='103']"></remove>
	<remove xpath="/gamestages/spawner/gamestage[@stage='109']"></remove>
	<remove xpath="/gamestages/spawner/gamestage[@stage='115']"></remove>
	<remove xpath="/gamestages/spawner/gamestage[@stage='121']"></remove>
	<remove xpath="/gamestages/spawner/gamestage[@stage='127']"></remove>
	<remove xpath="/gamestages/spawner/gamestage[@stage='133']"></remove>
	<remove xpath="/gamestages/spawner/gamestage[@stage='140']"></remove>
	<remove xpath="/gamestages/spawner/gamestage[@stage='147']"></remove>
	<remove xpath="/gamestages/spawner/gamestage[@stage='153']"></remove>
	<remove xpath="/gamestages/spawner/gamestage[@stage='160']"></remove>
	<remove xpath="/gamestages/spawner/gamestage[@stage='167']"></remove>
	<remove xpath="/gamestages/spawner/gamestage[@stage='174']"></remove>
	<remove xpath="/gamestages/spawner/gamestage[@stage='181']"></remove>
	<remove xpath="/gamestages/spawner/gamestage[@stage='188']"></remove>
	<remove xpath="/gamestages/spawner/gamestage[@stage='195']"></remove>
	<remove xpath="/gamestages/spawner/gamestage[@stage='202']"></remove>
	<remove xpath="/gamestages/spawner/gamestage[@stage='210']"></remove>
	<remove xpath="/gamestages/spawner/gamestage[@stage='217']"></remove>
	<remove xpath="/gamestages/spawner/gamestage[@stage='225']"></remove>
	<remove xpath="/gamestages/spawner/gamestage[@stage='232']"></remove>
	<remove xpath="/gamestages/spawner/gamestage[@stage='240']"></remove>
	<remove xpath="/gamestages/spawner/gamestage[@stage='255']"></remove>
	<remove xpath="/gamestages/spawner/gamestage[@stage='263']"></remove>
	<remove xpath="/gamestages/spawner/gamestage[@stage='271']"></remove>
	<remove xpath="/gamestages/spawner/gamestage[@stage='279']"></remove>
	<remove xpath="/gamestages/spawner/gamestage[@stage='287']"></remove>
	<remove xpath="/gamestages/spawner/gamestage[@stage='295']"></remove>
	<remove xpath="/gamestages/spawner/gamestage[@stage='304']"></remove>
	<remove xpath="/gamestages/spawner/gamestage[@stage='312']"></remove>
	<remove xpath="/gamestages/spawner/gamestage[@stage='320']"></remove>
	<remove xpath="/gamestages/spawner/gamestage[@stage='329']"></remove>
	<remove xpath="/gamestages/spawner/gamestage[@stage='337']"></remove>
	<remove xpath="/gamestages/spawner/gamestage[@stage='346']"></remove>
	<remove xpath="/gamestages/spawner/gamestage[@stage='354']"></remove>
	<remove xpath="/gamestages/spawner/gamestage[@stage='363']"></remove>
	<remove xpath="/gamestages/spawner/gamestage[@stage='372']"></remove>

	<!-- Reworked GS 1-372 for during BloodMoon / feral sizes  -->
	<append xpath="/gamestages/spawner">
		<gamestage stage="1">
			<spawn group="feralHordeStageGS1" num="6" maxAlive="9" duration="1"/>
		</gamestage>
		<gamestage stage="2">
			<spawn group="feralHordeStageGS2" num="9" maxAlive="9" duration="1"/>
		</gamestage>
		<gamestage stage="4">
			<spawn group="feralHordeStageGS4" num="18" maxAlive="12" duration="1"/>
		</gamestage>
		<gamestage stage="7">
			<spawn group="feralHordeStageGS7" num="30" maxAlive="15" duration="1"/>
		</gamestage>
		<gamestage stage="10">
			<spawn group="feralHordeStageGS7" num="45" maxAlive="18" duration="1" interval="24"/>
			<spawn group="feralHordeStageGS10" num="45" maxAlive="18" duration="1"/>
		</gamestage>
		<gamestage stage="13">
			<spawn group="feralHordeStageGS10" num="57" maxAlive="18" duration="1" interval="18"/>
			<spawn group="feralHordeStageGS13" num="57" maxAlive="18" duration="1"/>
		</gamestage>
		<gamestage stage="16">
			<spawn group="feralHordeStageGS13" num="69" maxAlive="21" duration="1" interval="27"/>
			<spawn group="feralHordeStageGS16" num="69" maxAlive="21" duration="1"/>
		</gamestage>
		<gamestage stage="19">
			<spawn group="feralHordeStageGS16" num="81" maxAlive="24" duration="1" interval="10"/>
			<spawn group="feralHordeStageGS19" num="81" maxAlive="24" duration="1"/>
		</gamestage>
		<gamestage stage="23">
			<spawn group="feralHordeStageGS16" num="99" maxAlive="27" duration="1" interval="20"/>
			<spawn group="feralHordeStageGS19" num="99" maxAlive="27" duration="1" interval="19"/>
			<spawn group="feralHordeStageGS23" num="99" maxAlive="27" duration="1"/>
		</gamestage>
		<gamestage stage="27">
			<spawn group="feralHordeStageGS19" num="114" maxAlive="33" duration="1" interval="24"/>
			<spawn group="feralHordeStageGS23" num="114" maxAlive="33" duration="1" interval="18"/>
			<spawn group="feralHordeStageGS27" num="114" maxAlive="3" duration="1"/>
		</gamestage>
		<gamestage stage="31">
			<spawn group="feralHordeStageGS23" num="132" maxAlive="36" duration="1" interval="13"/>
			<spawn group="feralHordeStageGS27" num="132" maxAlive="36" duration="1" interval="27"/>
			<spawn group="feralHordeStageGS31" num="132" maxAlive="36" duration="1"/>
		</gamestage>
		<gamestage stage="35">
			<spawn group="feralHordeStageGS27" num="150" maxAlive="39" duration="1" interval="23"/>
			<spawn group="feralHordeStageGS31" num="150" maxAlive="39" duration="1" interval="22"/>
			<spawn group="feralHordeStageGS35" num="150" maxAlive="39" duration="1"/>
		</gamestage>
		<gamestage stage="40">
			<spawn group="feralHordeStageGS31" num="171" maxAlive="45" duration="1" interval="28"/>
			<spawn group="feralHordeStageGS35" num="171" maxAlive="45" duration="1" interval="10"/>
			<spawn group="feralHordeStageGS40" num="171" maxAlive="45" duration="1"/>
		</gamestage>
		<gamestage stage="44">
			<spawn group="feralHordeStageGS35" num="186" maxAlive="48" duration="1" interval="23"/>
			<spawn group="feralHordeStageGS40" num="186" maxAlive="48" duration="1" interval="28"/>
			<spawn group="feralHordeStageGS44" num="186" maxAlive="48" duration="1"/>
		</gamestage>
		<gamestage stage="49">
			<spawn group="feralHordeStageGS40" num="207" maxAlive="51" duration="1" interval="30"/>
			<spawn group="feralHordeStageGS44" num="207" maxAlive="51" duration="1" interval="25"/>
			<spawn group="feralHordeStageGS49" num="207" maxAlive="51" duration="1"/>
		</gamestage>
		<gamestage stage="54">
			<spawn group="feralHordeStageGS44" num="228" maxAlive="57" duration="2" interval="12"/>
			<spawn group="feralHordeStageGS49" num="228" maxAlive="57" duration="2" interval="16"/>
			<spawn group="feralHordeStageGS54" num="228" maxAlive="57" duration="7"/>
		</gamestage>
		<gamestage stage="59">
			<spawn group="feralHordeStageGS49" num="252" maxAlive="60" duration="2" interval="29"/>
			<spawn group="feralHordeStageGS54" num="252" maxAlive="60" duration="2" interval="18"/>
			<spawn group="feralHordeStageGS59" num="252" maxAlive="60" duration="7"/>
		</gamestage>
		<gamestage stage="64">
			<spawn group="feralHordeStageGS54" num="273" maxAlive="66" duration="2" interval="15"/>
			<spawn group="feralHordeStageGS59" num="273" maxAlive="66" duration="2" interval="13"/>
			<spawn group="feralHordeStageGS64" num="273" maxAlive="66" duration="7"/>
		</gamestage>
		<gamestage stage="69">
			<spawn group="feralHordeStageGS59" num="294" maxAlive="69" duration="2" interval="10"/>
			<spawn group="feralHordeStageGS64" num="294" maxAlive="69" duration="2" interval="19"/>
			<spawn group="feralHordeStageGS69" num="294" maxAlive="69" duration="7"/>
		</gamestage>
		<gamestage stage="74">
			<spawn group="feralHordeStageGS64" num="315" maxAlive="75" duration="2" interval="19"/>
			<spawn group="feralHordeStageGS69" num="315" maxAlive="75" duration="2" interval="20"/>
			<spawn group="feralHordeStageGS74" num="315" maxAlive="75" duration="7"/>
		</gamestage>
		<gamestage stage="80">
			<spawn group="feralHordeStageGS69" num="339" maxAlive="81" duration="2" interval="18"/>
			<spawn group="feralHordeStageGS74" num="339" maxAlive="81" duration="2" interval="26"/>
			<spawn group="feralHordeStageGS80" num="339" maxAlive="81" duration="7"/>
		</gamestage>
		<gamestage stage="85">
			<spawn group="feralHordeStageGS74" num="360" maxAlive="84" duration="2" interval="12"/>
			<spawn group="feralHordeStageGS80" num="360" maxAlive="84" duration="2" interval="19"/>
			<spawn group="feralHordeStageGS85" num="360" maxAlive="84" duration="7"/>
		</gamestage>
		<gamestage stage="91">
			<spawn group="feralHordeStageGS80" num="387" maxAlive="90" duration="2" interval="30"/>
			<spawn group="feralHordeStageGS85" num="387" maxAlive="90" duration="2" interval="16"/>
			<spawn group="feralHordeStageGS91" num="387" maxAlive="90" duration="7"/>
		</gamestage>
		<gamestage stage="97">
			<spawn group="feralHordeStageGS85" num="411" maxAlive="96" duration="2" interval="21"/>
			<spawn group="feralHordeStageGS91" num="411" maxAlive="96" duration="2" interval="23"/>
			<spawn group="feralHordeStageGS97" num="411" maxAlive="96" duration="7"/>
		</gamestage>
		<gamestage stage="103">
			<spawn group="feralHordeStageGS91" num="435" maxAlive="99" duration="2" interval="28"/>
			<spawn group="feralHordeStageGS97" num="435" maxAlive="99" duration="2" interval="17"/>
			<spawn group="feralHordeStageGS103" num="435" maxAlive="99" duration="7"/>
		</gamestage>
		<gamestage stage="109">
			<spawn group="feralHordeStageGS97" num="462" maxAlive="105" duration="2" interval="25"/>
			<spawn group="feralHordeStageGS103" num="462" maxAlive="105" duration="2" interval="10"/>
			<spawn group="feralHordeStageGS109" num="462" maxAlive="105" duration="7"/>
		</gamestage>
		<gamestage stage="115">
			<spawn group="feralHordeStageGS103" num="486" maxAlive="111" duration="2" interval="21"/>
			<spawn group="feralHordeStageGS109" num="486" maxAlive="111" duration="2" interval="11"/>
			<spawn group="feralHordeStageGS115" num="486" maxAlive="111" duration="7"/>
		</gamestage>
		<gamestage stage="121">
			<spawn group="feralHordeStageGS109" num="500" maxAlive="117" duration="2" interval="15"/>
			<spawn group="feralHordeStageGS115" num="500" maxAlive="117" duration="2" interval="14"/>
			<spawn group="feralHordeStageGS121" num="500" maxAlive="117" duration="7"/>
		</gamestage>
		<gamestage stage="127">
			<spawn group="feralHordeStageGS115" num="500" maxAlive="123" duration="2" interval="14"/>
			<spawn group="feralHordeStageGS121" num="500" maxAlive="123" duration="2" interval="30"/>
			<spawn group="feralHordeStageGS127" num="500" maxAlive="123" duration="7"/>
		</gamestage>
		<gamestage stage="133">
			<spawn group="feralHordeStageGS121" num="500" maxAlive="126" duration="2" interval="12"/>
			<spawn group="feralHordeStageGS127" num="500" maxAlive="126" duration="2" interval="20"/>
			<spawn group="feralHordeStageGS133" num="500" maxAlive="126" duration="7"/>
		</gamestage>
		<gamestage stage="140">
			<spawn group="feralHordeStageGS127" num="500" maxAlive="135" duration="2" interval="13"/>
			<spawn group="feralHordeStageGS133" num="500" maxAlive="135" duration="2" interval="25"/>
			<spawn group="feralHordeStageGS140" num="500" maxAlive="135" duration="7"/>
		</gamestage>
		<gamestage stage="147">
			<spawn group="feralHordeStageGS133" num="500" maxAlive="47" duration="2" interval="20"/>
			<spawn group="feralHordeStageGS140" num="500" maxAlive="47" duration="2" interval="20"/>
			<spawn group="feralHordeStageGS147" num="500" maxAlive="47" duration="7"/>
		</gamestage>
		<gamestage stage="153">
			<spawn group="feralHordeStageGS140" num="500" maxAlive="48" duration="2" interval="18"/>
			<spawn group="feralHordeStageGS147" num="500" maxAlive="48" duration="2" interval="30"/>
			<spawn group="feralHordeStageGS153" num="500" maxAlive="48" duration="7"/>
		</gamestage>
		<gamestage stage="160">
			<spawn group="feralHordeStageGS147" num="500" maxAlive="51" duration="2" interval="21"/>
			<spawn group="feralHordeStageGS153" num="500" maxAlive="51" duration="2" interval="22"/>
			<spawn group="feralHordeStageGS160" num="500" maxAlive="51" duration="7"/>
		</gamestage>
		<gamestage stage="167">
			<spawn group="feralHordeStageGS153" num="500" maxAlive="53" duration="2" interval="15"/>
			<spawn group="feralHordeStageGS160" num="500" maxAlive="53" duration="2" interval="28"/>
			<spawn group="feralHordeStageGS167" num="500" maxAlive="53" duration="7"/>
		</gamestage>
		<gamestage stage="174">
			<spawn group="feralHordeStageGS160" num="500" maxAlive="55" duration="2" interval="28"/>
			<spawn group="feralHordeStageGS167" num="500" maxAlive="55" duration="2" interval="30"/>
			<spawn group="feralHordeStageGS174" num="500" maxAlive="55" duration="7"/>
		</gamestage>
		<gamestage stage="181">
			<spawn group="feralHordeStageGS167" num="500" maxAlive="57" duration="2" interval="18"/>
			<spawn group="feralHordeStageGS174" num="500" maxAlive="57" duration="2" interval="11"/>
			<spawn group="feralHordeStageGS181" num="500" maxAlive="57" duration="7"/>
		</gamestage>
		<gamestage stage="188">
			<spawn group="feralHordeStageGS174" num="500" maxAlive="59" duration="2" interval="27"/>
			<spawn group="feralHordeStageGS181" num="500" maxAlive="59" duration="2" interval="14"/>
			<spawn group="feralHordeStageGS188" num="500" maxAlive="59" duration="7"/>
		</gamestage>
		<gamestage stage="195">
			<spawn group="feralHordeStageGS181" num="500" maxAlive="61" duration="2" interval="10"/>
			<spawn group="feralHordeStageGS188" num="500" maxAlive="61" duration="2" interval="12"/>
			<spawn group="feralHordeStageGS195" num="500" maxAlive="61" duration="7"/>
		</gamestage>
		<gamestage stage="202">
			<spawn group="feralHordeStageGS188" num="500" maxAlive="63" duration="2" interval="15"/>
			<spawn group="feralHordeStageGS195" num="500" maxAlive="63" duration="2" interval="10"/>
			<spawn group="feralHordeStageGS202" num="500" maxAlive="63" duration="7"/>
		</gamestage>
		<gamestage stage="210">
			<spawn group="feralHordeStageGS195" num="500" maxAlive="66" duration="2" interval="19"/>
			<spawn group="feralHordeStageGS202" num="500" maxAlive="66" duration="2" interval="30"/>
			<spawn group="feralHordeStageGS210" num="500" maxAlive="66" duration="7"/>
		</gamestage>
		<gamestage stage="217">
			<spawn group="feralHordeStageGS202" num="500" maxAlive="68" duration="2" interval="11"/>
			<spawn group="feralHordeStageGS210" num="500" maxAlive="68" duration="2" interval="15"/>
			<spawn group="feralHordeStageGS217" num="500" maxAlive="68" duration="7"/>
		</gamestage>
		<gamestage stage="225">
			<spawn group="feralHordeStageGS210" num="500" maxAlive="70" duration="2" interval="14"/>
			<spawn group="feralHordeStageGS217" num="500" maxAlive="70" duration="2" interval="15"/>
			<spawn group="feralHordeStageGS225" num="500" maxAlive="70" duration="7"/>
		</gamestage>
		<gamestage stage="232">
			<spawn group="feralHordeStageGS217" num="500" maxAlive="72" duration="2" interval="13"/>
			<spawn group="feralHordeStageGS225" num="500" maxAlive="72" duration="2" interval="13"/>
			<spawn group="feralHordeStageGS232" num="500" maxAlive="72" duration="7"/>
		</gamestage>
		<gamestage stage="240">
			<spawn group="feralHordeStageGS225" num="500" maxAlive="75" duration="2" interval="29"/>
			<spawn group="feralHordeStageGS232" num="500" maxAlive="75" duration="2" interval="16"/>
			<spawn group="feralHordeStageGS240" num="500" maxAlive="75" duration="7"/>
		</gamestage>
		<gamestage stage="247">
			<spawn group="feralHordeStageGS232" num="500" maxAlive="77" duration="2" interval="29"/>
			<spawn group="feralHordeStageGS240" num="500" maxAlive="77" duration="2" interval="16"/>
			<spawn group="feralHordeStageGS247" num="500" maxAlive="77" duration="7"/>
		</gamestage>
		<gamestage stage="255">
			<spawn group="feralHordeStageGS240" num="500" maxAlive="79" duration="2" interval="12"/>
			<spawn group="feralHordeStageGS247" num="500" maxAlive="79" duration="2" interval="19"/>
			<spawn group="feralHordeStageGS255" num="500" maxAlive="79" duration="7"/>
		</gamestage>
		<gamestage stage="263">
			<spawn group="feralHordeStageGS247" num="500" maxAlive="81" duration="2" interval="30"/>
			<spawn group="feralHordeStageGS255" num="500" maxAlive="81" duration="2" interval="17"/>
			<spawn group="feralHordeStageGS263" num="500" maxAlive="81" duration="7"/>
		</gamestage>
		<gamestage stage="271">
			<spawn group="feralHordeStageGS255" num="500" maxAlive="84" duration="2" interval="15"/>
			<spawn group="feralHordeStageGS263" num="500" maxAlive="84" duration="2" interval="19"/>
			<spawn group="feralHordeStageGS271" num="500" maxAlive="84" duration="7"/>
		</gamestage>
		<gamestage stage="279">
			<spawn group="feralHordeStageGS263" num="500" maxAlive="86" duration="2" interval="16"/>
			<spawn group="feralHordeStageGS271" num="500" maxAlive="86" duration="2" interval="26"/>
			<spawn group="feralHordeStageGS279" num="500" maxAlive="86" duration="7"/>
		</gamestage>
		<gamestage stage="287">
			<spawn group="feralHordeStageGS271" num="500" maxAlive="89" duration="2" interval="22"/>
			<spawn group="feralHordeStageGS279" num="500" maxAlive="89" duration="2" interval="23"/>
			<spawn group="feralHordeStageGS287" num="500" maxAlive="89" duration="7"/>
		</gamestage>
		<gamestage stage="295">
			<spawn group="feralHordeStageGS279" num="500" maxAlive="91" duration="2" interval="20"/>
			<spawn group="feralHordeStageGS287" num="500" maxAlive="91" duration="2" interval="19"/>
			<spawn group="feralHordeStageGS295" num="400" maxAlive="91" duration="7"/>
		</gamestage>
		<gamestage stage="304">
			<spawn group="feralHordeStageGS287" num="500" maxAlive="94" duration="2" interval="18"/>
			<spawn group="feralHordeStageGS295" num="500" maxAlive="94" duration="2" interval="20"/>
			<spawn group="feralHordeStageGS304" num="500" maxAlive="94" duration="7"/>
		</gamestage>
		<gamestage stage="312">
			<spawn group="feralHordeStageGS295" num="500" maxAlive="96" duration="2" interval="18"/>
			<spawn group="feralHordeStageGS304" num="500" maxAlive="96" duration="2" interval="19"/>
			<spawn group="feralHordeStageGS312" num="500" maxAlive="96" duration="7"/>
		</gamestage>
		<gamestage stage="320">
			<spawn group="feralHordeStageGS304" num="500" maxAlive="99" duration="2" interval="22"/>
			<spawn group="feralHordeStageGS312" num="500" maxAlive="99" duration="2" interval="27"/>
			<spawn group="feralHordeStageGS320" num="500" maxAlive="99" duration="7"/>
		</gamestage>
		<gamestage stage="329">
			<spawn group="feralHordeStageGS312" num="500" maxAlive="101" duration="2" interval="12"/>
			<spawn group="feralHordeStageGS320" num="500" maxAlive="101" duration="2" interval="25"/>
			<spawn group="feralHordeStageGS329" num="500" maxAlive="101" duration="7"/>
		</gamestage>
		<gamestage stage="337">
			<spawn group="feralHordeStageGS320" num="500" maxAlive="104" duration="2" interval="28"/>
			<spawn group="feralHordeStageGS329" num="500" maxAlive="104" duration="2" interval="17"/>
			<spawn group="feralHordeStageGS337" num="500" maxAlive="104" duration="7"/>
		</gamestage>
		<gamestage stage="346">
			<spawn group="feralHordeStageGS329" num="500" maxAlive="106" duration="2" interval="22"/>
			<spawn group="feralHordeStageGS337" num="500" maxAlive="106" duration="2" interval="27"/>
			<spawn group="feralHordeStageGS346" num="500" maxAlive="106" duration="7"/>
		</gamestage>
		<gamestage stage="354">
			<spawn group="feralHordeStageGS337" num="500" maxAlive="109" duration="2" interval="23"/>
			<spawn group="feralHordeStageGS346" num="500" maxAlive="109" duration="2" interval="16"/>
			<spawn group="feralHordeStageGS354" num="500" maxAlive="109" duration="7"/>
		</gamestage>
		<gamestage stage="363">
			<spawn group="feralHordeStageGS346" num="500" maxAlive="111" duration="2" interval="18"/>
			<spawn group="feralHordeStageGS354" num="500" maxAlive="111" duration="2" interval="17"/>
			<spawn group="feralHordeStageGS363" num="500" maxAlive="111" duration="7"/>
		</gamestage>
		<gamestage stage="372">
			<spawn group="feralHordeStageGS354" num="500" maxAlive="114" duration="2" interval="26"/>
			<spawn group="feralHordeStageGS363" num="500" maxAlive="114" duration="2" interval="22"/>
			<spawn group="feralHordeStageGS372" num="500" maxAlive="114" duration="7"/>
		</gamestage>
	
	</append>
	
	
	
	<!-- Increase max alive for generated BloodMoon / feral horde -->
	<set xpath="/gamestages/spawner[@name='ScoutGSList']/gamestage/spawn/@maxAlive">256</set>
	
	<!-- Increase generated BloodMoon / feral sizes -->
	<set xpath="/gamestages/spawner[@name='BloodMoonHorde']/gamestage[@stage='1']/spawn/@num">5</set>	
	<set xpath="/gamestages/spawner[@name='BloodMoonHorde']/gamestage[@stage='2']/spawn/@num">5</set>	
	<set xpath="/gamestages/spawner[@name='BloodMoonHorde']/gamestage[@stage='4']/spawn/@num">12</set>	
	<set xpath="/gamestages/spawner[@name='BloodMoonHorde']/gamestage[@stage='7']/spawn/@num">15</set>
	
	
	
	
	
	
	
	
	
	
	
	
	
	
	
	
</configs>