<ErrorNull>

	<set xpath="/gamestages/spawner[@name='SleeperTestChamberGSList']">
		<gamestage stage="1"><spawn group="testChamberZombie1" num="1" maxAlive="1" duration="1"/></gamestage>
		<gamestage stage="50"><spawn group="testChamberZombie50" num="1" maxAlive="1" duration="1"/></gamestage>
		<gamestage stage="100"><spawn group="testChamberZombie100" num="1" maxAlive="1" duration="1"/></gamestage>
		<gamestage stage="150"><spawn group="testChamberZombie150" num="1" maxAlive="1" duration="1"/></gamestage>
		<gamestage stage="200"><spawn group="testChamberZombie200" num="1" maxAlive="1" duration="1"/></gamestage>
		<gamestage stage="300"><spawn group="testChamberZombie300" num="1" maxAlive="1" duration="1"/></gamestage>
		<gamestage stage="400"><spawn group="testChamberZombie400" num="1" maxAlive="1" duration="1"/></gamestage>
		<gamestage stage="600"><spawn group="testChamberZombie600" num="1" maxAlive="1" duration="1"/></gamestage>
		<gamestage stage="800"><spawn group="testChamberZombie800" num="1" maxAlive="1" duration="1"/></gamestage>
		<gamestage stage="1000"><spawn group="testChamberZombie1000" num="1" maxAlive="1" duration="1"/></gamestage>
		<gamestage stage="1200"><spawn group="testChamberZombie1200" num="1" maxAlive="1" duration="1"/></gamestage>
	</set>

	<set xpath="/gamestages/spawner[@name='WanderingHorde']/gamestage[@stage='01']/spawn/@num">10</set>	<!-- Businessmen / businesswomen -->	
	<set xpath="/gamestages/spawner[@name='WanderingHorde']/gamestage[@stage='02']/spawn/@num">10</set>	<!-- Farmers -->
	<set xpath="/gamestages/spawner[@name='WanderingHorde']/gamestage[@stage='03']/spawn/@num">04</set>	<!-- Coyotes (from vanilla EnemyAnimalsCoyote group) -->
	<set xpath="/gamestages/spawner[@name='WanderingHorde']/gamestage[@stage='04']/spawn/@num">08</set>	<!-- Feral Businessmen / businesswomen -->
	<set xpath="/gamestages/spawner[@name='WanderingHorde']/gamestage[@stage='05']/spawn/@num">04</set>	<!-- Zombie Dogs (from vanilla ZombieDogGroup) -->
	<set xpath="/gamestages/spawner[@name='WanderingHorde']/gamestage[@stage='06']/spawn/@num">08</set>	<!-- Feral Farmers -->
	<set xpath="/gamestages/spawner[@name='WanderingHorde']/gamestage[@stage='07']/spawn/@num">08</set>	<!-- Feral Hazmats -->
	<set xpath="/gamestages/spawner[@name='WanderingHorde']/gamestage[@stage='08']/spawn/@num">05</set>	<!-- Vultures (from vanilla VultureGroup) -->
	<set xpath="/gamestages/spawner[@name='WanderingHorde']/gamestage[@stage='09']/spawn/@num">10</set>	<!-- Zombie Workers (utility and janitor zombies) -->
	<set xpath="/gamestages/spawner[@name='WanderingHorde']/gamestage[@stage='10']/spawn/@num">10</set>	<!-- Crazies (half nakeds and hobos) -->
	<set xpath="/gamestages/spawner[@name='WanderingHorde']/gamestage[@stage='11']/spawn/@num">06</set>	<!-- Camos (those grass/bushmen) -->
	<set xpath="/gamestages/spawner[@name='WanderingHorde']/gamestage[@stage='12']/spawn/@num">03</set>	<!-- Wolves (from vanilla WolfGroup) -->
	<set xpath="/gamestages/spawner[@name='WanderingHorde']/gamestage[@stage='13']/spawn/@num">08</set>	<!-- Feral Zombie Workers (utility and janitor zombies) -->
	<set xpath="/gamestages/spawner[@name='WanderingHorde']/gamestage[@stage='14']/spawn/@num">08</set>	<!-- Feral Crazies (half nakeds and hobos) -->
	<set xpath="/gamestages/spawner[@name='WanderingHorde']/gamestage[@stage='15']/spawn/@num">10</set>	<!-- Biker Bar Zombies (from vanilla ZombieBikerBarGroup) -->
	<set xpath="/gamestages/spawner[@name='WanderingHorde']/gamestage[@stage='16']/spawn/@num">06</set>	<!-- Feral Camos (those grass/bushmen) -->
	<set xpath="/gamestages/spawner[@name='WanderingHorde']/gamestage[@stage='17']/spawn/@num">10</set>	<!-- Punks -->
	<set xpath="/gamestages/spawner[@name='WanderingHorde']/gamestage[@stage='18']/spawn/@num">10</set>	<!-- KHz zombies -->
	<set xpath="/gamestages/spawner[@name='WanderingHorde']/gamestage[@stage='19']/spawn/@num">10</set>	<!-- Fatasses -->
	<set xpath="/gamestages/spawner[@name='WanderingHorde']/gamestage[@stage='20']/spawn/@num">06</set>	<!-- Zombie Dogs (from vanilla ZombieDogGroup) -->
	<set xpath="/gamestages/spawner[@name='WanderingHorde']/gamestage[@stage='21']/spawn/@num">08</set>	<!-- Feral Punks -->
	<set xpath="/gamestages/spawner[@name='WanderingHorde']/gamestage[@stage='22']/spawn/@num">08</set>	<!-- Feral KHz zombies -->
	<set xpath="/gamestages/spawner[@name='WanderingHorde']/gamestage[@stage='23']/spawn/@num">08</set>	<!-- Feral Cowboys -->
	<set xpath="/gamestages/spawner[@name='WanderingHorde']/gamestage[@stage='24']/spawn/@num">10</set>	<!-- Old Western zombies (from vanilla ZombieGhostTownGroup) -->
	<set xpath="/gamestages/spawner[@name='WanderingHorde']/gamestage[@stage='25']/spawn/@num">10</set>	<!-- Spider zombies -->
	<set xpath="/gamestages/spawner[@name='WanderingHorde']/gamestage[@stage='26']/spawn/@num">10</set>	<!-- Athletes (footballers and female joggers) -->
	<set xpath="/gamestages/spawner[@name='WanderingHorde']/gamestage[@stage='27']/spawn/@num">06</set>	<!-- Vultures (from vanilla VultureGroup) -->
	<set xpath="/gamestages/spawner[@name='WanderingHorde']/gamestage[@stage='28']/spawn/@num">10</set>	<!-- Strippers -->
	<set xpath="/gamestages/spawner[@name='WanderingHorde']/gamestage[@stage='29']/spawn/@num">08</set>	<!-- Feral Fatasses -->
	<set xpath="/gamestages/spawner[@name='WanderingHorde']/gamestage[@stage='30']/spawn/@num">08</set>	<!-- Feral Athletes (footballers and female joggers) -->
	<set xpath="/gamestages/spawner[@name='WanderingHorde']/gamestage[@stage='31']/spawn/@num">06</set>	<!-- Feral Bikers -->
	<set xpath="/gamestages/spawner[@name='WanderingHorde']/gamestage[@stage='32']/spawn/@num">08</set>	<!-- Miners -->
	<set xpath="/gamestages/spawner[@name='WanderingHorde']/gamestage[@stage='33']/spawn/@num">06</set>	<!-- Lumberjacks -->
	<set xpath="/gamestages/spawner[@name='WanderingHorde']/gamestage[@stage='34']/spawn/@num">07</set>	<!-- Zombie Dogs (from vanilla ZombieDogGroup) -->
	<set xpath="/gamestages/spawner[@name='WanderingHorde']/gamestage[@stage='35']/spawn/@num">10</set>	<!-- Military (soldiers, swat, and stealth zombies) -->
	<set xpath="/gamestages/spawner[@name='WanderingHorde']/gamestage[@stage='36']/spawn/@num">02</set>	<!-- Cops (just the vanilla fat cop for now) -->
	<set xpath="/gamestages/spawner[@name='WanderingHorde']/gamestage[@stage='37']/spawn/@num">06</set>	<!-- Feral Miners -->
	<set xpath="/gamestages/spawner[@name='WanderingHorde']/gamestage[@stage='38']/spawn/@num">05</set>	<!-- Zombie Dogs and Bears (from vanilla ZombieAnimalsGroup) -->
	<set xpath="/gamestages/spawner[@name='WanderingHorde']/gamestage[@stage='39']/spawn/@num">06</set>	<!-- Feral Lumberjacks -->
	<set xpath="/gamestages/spawner[@name='WanderingHorde']/gamestage[@stage='40']/spawn/@num">08</set>	<!-- Feral Spiders zombies -->
	<set xpath="/gamestages/spawner[@name='WanderingHorde']/gamestage[@stage='41']/spawn/@num">05</set>	<!-- Wolf and Direwold (from vanilla WolfPack) -->
	<set xpath="/gamestages/spawner[@name='WanderingHorde']/gamestage[@stage='42']/spawn/@num">08</set>	<!-- LabCreatures -->
	<set xpath="/gamestages/spawner[@name='WanderingHorde']/gamestage[@stage='43']/spawn/@num">02</set>	<!-- Giants -->
	<set xpath="/gamestages/spawner[@name='WanderingHorde']/gamestage[@stage='44']/spawn/@num">08</set>	<!-- Feral Soldiers (modified vanilla ZombieSoldierGroup) -->
	<set xpath="/gamestages/spawner[@name='WanderingHorde']/gamestage[@stage='45']/spawn/@num">20</set>	<!-- Goblins -->
	<set xpath="/gamestages/spawner[@name='WanderingHorde']/gamestage[@stage='46']/spawn/@num">08</set>	<!-- Stronger LabCreatures -->
	<set xpath="/gamestages/spawner[@name='WanderingHorde']/gamestage[@stage='47']/spawn/@num">08</set>	<!-- Vultures (from vanilla VultureGroup) -->
	<set xpath="/gamestages/spawner[@name='WanderingHorde']/gamestage[@stage='48']/spawn/@num">04</set>	<!-- Feral Fat Cops -->
	<set xpath="/gamestages/spawner[@name='WanderingHorde']/gamestage[@stage='49']/spawn/@num">10</set>	<!-- Hazmat zombies -->
	<set xpath="/gamestages/spawner[@name='WanderingHorde']/gamestage[@stage='50']/spawn/@num">02</set>	<!-- Zombie Bears (from vanilla ZombieBearsGroup) -->

		
</ErrorNull>