<configs>
       <!--  <set xpath="/windows/window[@name='worldGeneration']/rect/rect/rect/grid/rect/combobox[@values='6144,8192,10240']/@values">4096</set>
        <set xpath="/windows/window[@name='newContinueGame']/rect/rect/rect/grid/rect/combobox[@values='6144,8192,10240']/@values">4096</set> -->
<!-- 		<set xpath="/windows/window[@name='worldGeneration']/rect/rect/rect/grid/rect/combobox[@values='6144,8192,10240']/@values">6144</set>
 -->        <set xpath="/windows/window[@name='newContinueGame']/rect/rect/rect/grid/rect/combobox[@values='6144,8192,10240']/@values">2048,3072,4096,5120,6144,7168,8192,9216,10240</set>
	<remove xpath="/windows/window[@name='newsWindow']"/>
</configs>